,Unnamed: 0.1,Unnamed: 0,age_group,amazon_product_url,article_chapter_link,asterisk,author,book_image,book_image_height,book_image_width,book_review_link,book_uri,contributor,contributor_note,created_date,dagger,first_chapter_link,price,primary_isbn10,primary_isbn13,publisher,rank,rank_last_week,sunday_review_link,title,updated_date,weeks_on_list,isbns,buy_links,published_date,bestsellers_date,published_date_as_date,bestsellers_date_as_date,description,ai_guess,groundtruth
1754,6920,5,,https://www.amazon.com/You-Say-First-Small-Town-Wedding-ebook/dp/B01NCYK11R?tag=thenewyorktim-20,,0,Susan Mallery,https://static01.nyt.com/bestsellers/images/9781488028441.jpg,495,313,,nyt://book/8139cde0-4c08-5985-a6df-fc343493dd07,by Susan Mallery,,2026-03-06T15:40:33.798Z,0,,0,,9781488028441,HQN,6,0,,YOU SAY IT FIRST,2026-03-06T15:40:33.798Z,1,"[{'isbn10': '', 'isbn13': '9781488028441'}]","[{'name': 'Amazon', 'url': 'https://www.amazon.com/You-Say-First-Small-Town-Wedding-ebook/dp/B01NCYK11R?tag=thenewyorktim-20'}, {'name': 'Apple Books', 'url': 'https://goto.applebooks.apple/9781488028441?at=10lIEQ'}, {'name': 'Barnes & Noble', 'url': 'https://barnesandnoble.sjv.io/c/197432/1961179/22009?prodsku=9781488028441&u=https%3A%2F%2Fwww.barnesandnoble.com%2Fw%2Fyou-say-it-first-susan-mallery%2F1124746250%3Fean%3D9781488028441&intsrc=APIG_15890'}, {'name': 'Books-A-Million', 'url': 'https://www.anrdoezrs.net/click-7990613-35140?url=https%3A%2F%2Fwww.booksamillion.com%2Fp%2FYOU%2BSAY%2BIT%2BFIRST%2FSusan%2BMallery%2F9781488028441'}, {'name': 'Bookshop.org', 'url': 'https://bookshop.org/a/3546/9781488028441'}]",2017-09-10,2017-08-26,2017-09-10,2017-08-26,"A sculptor takes a job as a carpenter at a theme wedding venue and falls for its owner, Pallas Saunders, who is trying to save the business. The first book in the Happily Inc. series.",genre_is_romance,genre_is_romance
2153,8225,10,,http://www.amazon.com/Nobody-But-You-Cedar-Ridge/dp/1455586803?tag=thenewyorktim-20,,0,Jill Shalvis,https://static01.nyt.com/bestsellers/images/9781455586790.jpg,495,307,,nyt://book/533df6ca-7606-5565-833d-f21c8d52f553,by Jill Shalvis,,2026-03-18T00:07:35.344Z,0,,0,,9781455586790,Grand Central,11,0,,NOBODY BUT YOU,2026-03-18T00:07:35.344Z,1,"[{'isbn10': '', 'isbn13': '9781455586790'}]","[{'name': 'Amazon', 'url': 'http://www.amazon.com/Nobody-But-You-Cedar-Ridge/dp/1455586803?tag=thenewyorktim-20'}, {'name': 'Apple Books', 'url': 'https://goto.applebooks.apple/9781455586790?at=10lIEQ'}, {'name': 'Barnes and Noble', 'url': 'https://www.barnesandnoble.com/w/?ean=9781455586790'}, {'name': 'Books-A-Million', 'url': 'https://www.anrdoezrs.net/click-7990613-35140?url=https%3A%2F%2Fwww.booksamillion.com%2Fp%2FNOBODY%2BBUT%2BYOU%2FJill%2BShalvis%2F9781455586790'}, {'name': 'Bookshop.org', 'url': 'https://bookshop.org/a/3546/9781455586790'}]",2016-04-17,2016-04-02,2016-04-17,2016-04-02,"After a disastrous mission, a soldier heads to a lakeside cabin where a wayward woman has docked her boat.",genre_is_not_romance,genre_is_romance
633,2554,4,,https://www.amazon.com/dp/031645737X?tag=thenewyorktim-20,,0,James Patterson and Brendan DuBois,https://static01.nyt.com/bestsellers/images/9780316457378.jpg,500,331,,nyt://book/337797d3-55de-594f-af32-576d6bfdeed8,by James Patterson and Brendan DuBois,,2026-03-06T03:53:22.585Z,0,,0,,9780316457378,"Little, Brown",5,0,,COUNTDOWN,2026-03-06T03:53:22.585Z,1,"[{'isbn10': '', 'isbn13': '9780316457378'}]","[{'name': 'Amazon', 'url': 'https://www.amazon.com/dp/031645737X?tag=thenewyorktim-20'}, {'name': 'Apple Books', 'url': 'https://goto.applebooks.apple/9780316457378?at=10lIEQ'}, {'name': 'Barnes & Noble', 'url': 'https://barnesandnoble.sjv.io/c/197432/1961179/22009?prodsku=9780316457378&u=https%3A%2F%2Fwww.barnesandnoble.com%2Fw%2Fcountdown-james-patterson%2F1141412035%3Fean%3D9780316457378&intsrc=APIG_15890'}, {'name': 'Books-A-Million', 'url': 'https://www.anrdoezrs.net/click-7990613-35140?url=https%3A%2F%2Fwww.booksamillion.com%2Fp%2FCOUNTDOWN%2FJames%2BPatterson%2Band%2BBrendan%2BDuBois%2F9780316457378'}, {'name': 'Bookshop.org', 'url': 'https://bookshop.org/a/3546/9780316457378'}]",2023-04-09,2023-03-25,2023-04-09,2023-03-25,A botched field operation and a terrorist plot endanger Amy Cornwall and her family.,genre_is_not_romance,genre_is_not_romance
626,2511,6,,https://www.amazon.com/dp/1982180021?tag=thenewyorktim-20,,0,J.R. Ward,https://static01.nyt.com/bestsellers/images/9781982180065.jpg,500,323,,nyt://book/ce3eab30-ad0f-53a8-bbb5-099d4f9de051,by J.R. Ward,,2026-03-06T03:57:36.886Z,0,,0,,9781982180065,Gallery,7,0,,LASSITER,2026-03-06T03:57:36.886Z,1,"[{'isbn10': '', 'isbn13': '9781982180065'}]","[{'name': 'Amazon', 'url': 'https://www.amazon.com/dp/1982180021?tag=thenewyorktim-20'}, {'name': 'Apple Books', 'url': 'https://goto.applebooks.apple/9781982180065?at=10lIEQ'}, {'name': 'Barnes & Noble', 'url': 'https://barnesandnoble.sjv.io/c/197432/1961179/22009?prodsku=9781982180065&u=https%3A%2F%2Fwww.barnesandnoble.com%2Fw%2Flassiter-j-r-ward%2F1141652476%3Fean%3D9781982180065&intsrc=APIG_15890'}, {'name': 'Books-A-Million', 'url': 'https://www.anrdoezrs.net/click-7990613-35140?url=https%3A%2F%2Fwww.booksamillion.com%2Fp%2FLASSITER%2FJ.R.%2BWard%2F9781982180065'}, {'name': 'Bookshop.org', 'url': 'https://bookshop.org/a/3546/9781982180065'}]",2023-04-30,2023-04-15,2023-04-30,2023-04-15,The 21st book in the Black Dagger Brotherhood series. A fallen angel meets a mysterious female.,genre_is_not_romance,genre_is_romance
1224,5129,14,,https://www.amazon.com/Rise-Magicks-Chronicles-One-Book-ebook/dp/B07L2QR5WD?tag=thenewyorktim-20,,0,Nora Roberts,https://static01.nyt.com/bestsellers/images/9781250123039.jpg,495,326,,nyt://book/feaca106-3951-5b55-a72d-03b875aeef70,by Nora Roberts,,2026-03-06T11:39:40.828Z,0,,0,,9781250123039,St. Martin's,15,9,,THE RISE OF MAGICKS,2026-03-06T11:39:40.828Z,3,"[{'isbn10': '', 'isbn13': '9781250123039'}]","[{'name': 'Amazon', 'url': 'https://www.amazon.com/Rise-Magicks-Chronicles-One-Book-ebook/dp/B07L2QR5WD?tag=thenewyorktim-20'}, {'name': 'Apple Books', 'url': 'https://goto.applebooks.apple/9781250123039?at=10lIEQ'}, {'name': 'Barnes & Noble', 'url': 'https://www.barnesandnoble.com/s/THE%20RISE%20OF%20MAGICKS'}, {'name': 'Books-A-Million', 'url': 'https://www.anrdoezrs.net/click-7990613-35140?url=https%3A%2F%2Fwww.booksamillion.com%2Fp%2FTHE%2BRISE%2BOF%2BMAGICKS%2FNora%2BRoberts%2F9781250123039'}, {'name': 'Bookshop.org', 'url': 'https://bookshop.org/a/3546/9781250123039'}]",2019-12-29,2019-12-14,2019-12-29,2019-12-14,The third book in the Chronicles of the One series. Fallon Swift goes up against an old foe.,genre_is_not_romance,genre_is_not_romance
402,1423,13,,https://www.amazon.com/dp/1250358949?tag=thenewyorktim-20,,0,Harper L. Woods,https://static01.nyt.com/bestsellers/images/9781250358943.jpg,500,367,,nyt://book/c44bd978-fdb3-5d15-a1fc-b965f9cf8fc2,by Harper L. Woods,,2026-03-05T23:52:28.645Z,0,,0,,9781250358943,Bramble,14,0,,THE CURSED,2026-03-05T23:52:28.645Z,1,"[{'isbn10': '', 'isbn13': '9781250358943'}]","[{'name': 'Amazon', 'url': 'https://www.amazon.com/dp/1250358949?tag=thenewyorktim-20'}, {'name': 'Apple Books', 'url': 'https://goto.applebooks.apple/9781250358943?at=10lIEQ'}, {'name': 'Barnes & Noble', 'url': 'https://barnesandnoble.sjv.io/c/197432/1961179/22009?prodsku=9781250358943&u=https%3A%2F%2Fwww.barnesandnoble.com%2Fw%2Fthe-cursed-harper-l-woods%2F1144140725%3Fean%3D9781250358943&intsrc=APIG_15890'}, {'name': 'Books-A-Million', 'url': 'https://www.anrdoezrs.net/click-7990613-35140?url=https%3A%2F%2Fwww.booksamillion.com%2Fp%2FTHE%2BCURSED%2FHarper%2BL.%2BWoods%2F9781250358943'}, {'name': 'Bookshop.org', 'url': 'https://bookshop.org/a/3546/9781250358943'}]",2024-09-22,2024-09-07,2024-09-22,2024-09-07,The second book in the Coven of Bones series. Feelings of betrayal and revenge put things in a precarious place.,genre_is_not_romance,genre_is_not_romance
1797,7078,13,,https://www.amazon.com/Nighthawk-NUMA-Files-Clive-Cussler-ebook/dp/B01M0I28M0?tag=thenewyorktim-20,,0,Clive Cussler and Graham Brown,https://static01.nyt.com/bestsellers/images/9780399184017.jpg,495,328,,nyt://book/6d24a876-8e08-580d-aa72-160a70277ed5,by Clive Cussler and Graham Brown,,2026-03-06T15:17:24.071Z,0,,0,,9780399184017,Putnam,14,13,,NIGHTHAWK,2026-03-06T15:17:24.071Z,3,"[{'isbn10': '', 'isbn13': '9780399184017'}]","[{'name': 'Amazon', 'url': 'https://www.amazon.com/Nighthawk-NUMA-Files-Clive-Cussler-ebook/dp/B01M0I28M0?tag=thenewyorktim-20'}, {'name': 'Apple Books', 'url': 'https://goto.applebooks.apple/9780399184017?at=10lIEQ'}, {'name': 'Barnes & Noble', 'url': 'https://www.barnesandnoble.com/s/NIGHTHAWK'}, {'name': 'Books-A-Million', 'url': 'https://www.anrdoezrs.net/click-7990613-35140?url=https%3A%2F%2Fwww.booksamillion.com%2Fp%2FNIGHTHAWK%2FClive%2BCussler%2Band%2BGraham%2BBrown%2F9780399184017'}, {'name': 'Bookshop.org', 'url': 'https://bookshop.org/a/3546/9780399184017'}]",2017-07-02,2017-06-17,2017-07-02,2017-06-17,The NUMA crew races the Russians and Chinese in a hunt for a missing American aircraft.,genre_is_not_romance,genre_is_not_romance
1472,5969,14,,https://www.amazon.com/You-Dont-Under-Suspicion-Novel-ebook/dp/B07CL94K1G?tag=thenewyorktim-20,,0,Mary Higgins Clark and Alafair Burke,https://static01.nyt.com/bestsellers/images/9781501171666.jpg,495,328,,nyt://book/16687722-f1a4-5b72-a9d3-4f9664a6c6ff,by Mary Higgins Clark and Alafair Burke,,2026-03-06T13:19:31.491Z,0,,0,,9781501171666,Simon & Schuster,15,9,,YOU DON'T OWN ME,2026-03-06T13:19:31.491Z,2,"[{'isbn10': '', 'isbn13': '9781501171666'}]","[{'name': 'Amazon', 'url': 'https://www.amazon.com/You-Dont-Under-Suspicion-Novel-ebook/dp/B07CL94K1G?tag=thenewyorktim-20'}, {'name': 'Apple Books', 'url': 'https://goto.applebooks.apple/9781501171666?at=10lIEQ'}, {'name': 'Barnes & Noble', 'url': ""https://www.barnesandnoble.com/s/YOU%20DON'T%20OWN%20ME""}, {'name': 'Books-A-Million', 'url': 'https://www.anrdoezrs.net/click-7990613-35140?url=https%3A%2F%2Fwww.booksamillion.com%2Fp%2FYOU%2BDON%2527T%2BOWN%2BME%2FMary%2BHiggins%2BClark%2Band%2BAlafair%2BBurke%2F9781501171666'}, {'name': 'Bookshop.org', 'url': 'https://bookshop.org/a/3546/9781501171666'}]",2018-12-02,2018-11-17,2018-12-02,2018-11-17,A television producer investigates the murder of a physician and whether it was his wife who killed him.,genre_is_not_romance,genre_is_not_romance
1819,7153,13,,https://www.amazon.com/Girl-Who-Knew-Too-Much-ebook/dp/B01KGZVR32?tag=thenewyorktim-20,,0,Amanda Quick,https://static01.nyt.com/bestsellers/images/9780698193628.jpg,495,328,,nyt://book/fc4f7300-2aff-5f50-97a7-b6c7f9e84273,by Amanda Quick,,2026-03-06T15:06:39.807Z,0,,0,,9780698193628,Berkley,14,0,,THE GIRL WHO KNEW TOO MUCH,2026-03-06T15:06:39.807Z,1,"[{'isbn10': '', 'isbn13': '9780698193628'}]","[{'name': 'Amazon', 'url': 'https://www.amazon.com/Girl-Who-Knew-Too-Much-ebook/dp/B01KGZVR32?tag=thenewyorktim-20'}, {'name': 'Apple Books', 'url': 'https://goto.applebooks.apple/9780698193628?at=10lIEQ'}, {'name': 'Barnes & Noble', 'url': 'https://barnesandnoble.sjv.io/c/197432/1961179/22009?prodsku=9780698193628&u=https%3A%2F%2Fwww.barnesandnoble.com%2Fw%2Fthe-girl-who-knew-too-much-amanda-quick%2F1124367959%3Fean%3D9780698193628&intsrc=APIG_15890'}, {'name': 'Books-A-Million', 'url': 'https://www.anrdoezrs.net/click-7990613-35140?url=https%3A%2F%2Fwww.booksamillion.com%2Fp%2FTHE%2BGIRL%2BWHO%2BKNEW%2BTOO%2BMUCH%2FAmanda%2BQuick%2F9780698193628'}, {'name': 'Bookshop.org', 'url': 'https://bookshop.org/a/3546/9780698193628'}]",2017-05-28,2017-05-13,2017-05-28,2017-05-13,A tabloid reporter steps in when a starlet is found at the bottom of a pool.,genre_is_not_romance,genre_is_not_romance
1715,6787,7,,https://www.amazon.com/Mind-Game-Novel-Eve-Duncan-ebook/dp/B06Y16RFM6?tag=thenewyorktim-20,,0,Iris Johansen,https://static01.nyt.com/bestsellers/images/9781466887237.jpg,495,325,,nyt://book/c277044d-68e2-5935-8d23-5a4b96e94a39,by Iris Johansen,,2026-03-06T15:59:21.165Z,0,,0,,9781466887237,St. Martin's,8,0,,MIND GAME,2026-03-06T15:59:21.165Z,1,"[{'isbn10': '', 'isbn13': '9781466887237'}]","[{'name': 'Amazon', 'url': 'https://www.amazon.com/Mind-Game-Novel-Eve-Duncan-ebook/dp/B06Y16RFM6?tag=thenewyorktim-20'}, {'name': 'Apple Books', 'url': 'https://goto.applebooks.apple/9781466887237?at=10lIEQ'}, {'name': 'Barnes & Noble', 'url': 'https://barnesandnoble.sjv.io/c/197432/1961179/22009?prodsku=9781466887237&u=https%3A%2F%2Fwww.barnesandnoble.com%2Fw%2Fmind-game-iris-johansen%2F1125377112%3Fean%3D9781466887237&intsrc=APIG_15890'}, {'name': 'Books-A-Million', 'url': 'https://www.anrdoezrs.net/click-7990613-35140?url=https%3A%2F%2Fwww.booksamillion.com%2Fp%2FMIND%2BGAME%2FIris%2BJohansen%2F9781466887237'}, {'name': 'Bookshop.org', 'url': 'https://bookshop.org/a/3546/9781466887237'}]",2017-11-12,2017-10-28,2017-11-12,2017-10-28,"Jane continues her hunt for treasure in Scotland, but dreams of a girl in trouble plague her.",genre_is_not_romance,genre_is_not_romance
2174,8273,18,,http://www.amazon.com/Fire-Touched-Mercy-Thompson-Novel/dp/0425256766?tag=thenewyorktim-20,,0,Patricia Briggs,https://static01.nyt.com/bestsellers/images/9780698180918.jpg,495,328,,nyt://book/6ff0170d-3ce3-566c-9a9a-3ab07f2be4e4,by Patricia Briggs,,2026-03-18T00:07:33.9Z,0,,0,,9780698180918,Ace,19,0,,FIRE TOUCHED,2026-03-18T00:07:33.9Z,0,"[{'isbn10': '', 'isbn13': '9780698180918'}]","[{'name': 'Amazon', 'url': 'http://www.amazon.com/Fire-Touched-Mercy-Thompson-Novel/dp/0425256766?tag=thenewyorktim-20'}, {'name': 'Apple Books', 'url': 'https://goto.applebooks.apple/9780698180918?at=10lIEQ'}, {'name': 'Barnes and Noble', 'url': 'https://www.barnesandnoble.com/w/?ean=9780698180918'}, {'name': 'Books-A-Million', 'url': 'https://www.anrdoezrs.net/click-7990613-35140?url=https%3A%2F%2Fwww.booksamillion.com%2Fp%2FFIRE%2BTOUCHED%2FPatricia%2BBriggs%2F9780698180918'}, {'name': 'Bookshop.org', 'url': 'https://bookshop.org/a/3546/9780698180918'}]",2016-04-03,2016-03-19,2016-04-03,2016-03-19,"The shape-shifter Mercy Thompson and her Alpha werewolf mate, Adam, protect a stolen human child.",genre_is_not_romance,genre_is_not_romance
2196,8331,16,,http://www.amazon.com/Brotherhood-Death-J-D-Robb/dp/0399170898?tag=thenewyorktim-20,,0,J. D. Robb,https://static01.nyt.com/bestsellers/images/9780698161481.jpg,495,328,,nyt://book/9626656e-185a-5c39-a1b3-2ef446a2efd3,by J. D. Robb,,2026-03-18T00:06:19.193Z,0,,0,,9780698161481,Berkley,17,0,,BROTHERHOOD IN DEATH,2026-03-18T00:06:19.193Z,0,"[{'isbn10': '', 'isbn13': '9780698161481'}]","[{'name': 'Amazon', 'url': 'http://www.amazon.com/Brotherhood-Death-J-D-Robb/dp/0399170898?tag=thenewyorktim-20'}, {'name': 'Apple Books', 'url': 'https://goto.applebooks.apple/9780698161481?at=10lIEQ'}, {'name': 'Barnes and Noble', 'url': 'https://www.barnesandnoble.com/w/?ean=9780698161481'}, {'name': 'Books-A-Million', 'url': 'https://www.anrdoezrs.net/click-7990613-35140?url=https%3A%2F%2Fwww.booksamillion.com%2Fp%2FBROTHERHOOD%2BIN%2BDEATH%2FJ%2BD%2BRobb%2F9780698161481'}, {'name': 'Bookshop.org', 'url': 'https://bookshop.org/a/3546/9780698161481'}]",2016-03-13,2016-02-27,2016-03-13,2016-02-27,"Lt. Eve Dallas of the N.Y.P.D. helps a friend and her husband solve a mystery involving politics and real estate; by Nora Roberts, writing pseudonymously.",genre_is_not_romance,genre_is_not_romance
1710,6772,7,,https://www.amazon.com/Twin-Peaks-Dossier-Mark-Frost/dp/1250163307?tag=thenewyorktim-20,,0,Mark Frost,https://static01.nyt.com/bestsellers/images/9781250163301.jpg,408,330,,nyt://book/3379bfae-e43b-55a1-ad71-d70db2147e04,by Mark Frost,,2026-03-06T16:03:05.82Z,0,,0,,9781250163301,Flatiron Books,8,0,,TWIN PEAKS: THE FINAL DOSSIER,2026-03-06T16:03:05.82Z,1,"[{'isbn10': '', 'isbn13': '9781250163301'}]","[{'name': 'Amazon', 'url': 'https://www.amazon.com/Twin-Peaks-Dossier-Mark-Frost/dp/1250163307?tag=thenewyorktim-20'}, {'name': 'Apple Books', 'url': 'https://goto.applebooks.apple/9781250163301?at=10lIEQ'}, {'name': 'Barnes & Noble', 'url': 'https://www.barnesandnoble.com/s/TWIN%20PEAKS%3A%20THE%20FINAL%20DOSSIER'}, {'name': 'Books-A-Million', 'url': 'https://www.anrdoezrs.net/click-7990613-35140?url=https%3A%2F%2Fwww.booksamillion.com%2Fp%2FTWIN%2BPEAKS%253A%2BTHE%2BFINAL%2BDOSSIER%2FMark%2BFrost%2F9781250163301'}, {'name': 'Bookshop.org', 'url': 'https://bookshop.org/a/3546/9781250163301'}]",2017-11-19,2017-11-04,2017-11-19,2017-11-04,Updated profiles on the residents of Twin Peaks are assembled by special agent Tamara Preston.,genre_is_not_romance,genre_is_not_romance
255,806,11,,https://www.amazon.com/dp/0316588482?tag=thenewyorktim-20,,0,Michael Connelly,https://static01.nyt.com/bestsellers/images/9780316588485.jpg,500,331,,nyt://book/65738422-1df4-56b1-8c97-151d92025ec6,by Michael Connelly,,2026-03-05T19:32:40.713Z,0,,0,,9780316588485,"Little, Brown",12,13,,NIGHTSHADE,2026-03-05T19:32:40.713Z,5,"[{'isbn10': '', 'isbn13': '9780316588485'}]","[{'name': 'Amazon', 'url': 'https://www.amazon.com/dp/0316588482?tag=thenewyorktim-20'}, {'name': 'Apple Books', 'url': 'https://goto.applebooks.apple/9780316588485?at=10lIEQ'}, {'name': 'Barnes & Noble', 'url': 'https://barnesandnoble.sjv.io/c/197432/1961179/22009?prodsku=9780316588485&u=https%3A%2F%2Fwww.barnesandnoble.com%2Fw%2Fnightshade-michael-connelly%2F1146553310%3Fean%3D9780316588485&intsrc=APIG_15890'}, {'name': 'Books-A-Million', 'url': 'https://www.anrdoezrs.net/click-7990613-35140?url=https%3A%2F%2Fwww.booksamillion.com%2Fp%2FNIGHTSHADE%2FMichael%2BConnelly%2F9780316588485'}, {'name': 'Bookshop.org', 'url': 'https://bookshop.org/a/3546/9780316588485'}]",2025-07-06,2025-06-21,2025-07-06,2025-06-21,"The Los Angeles County sheriff's detective Stilwell gets reassigned to Catalina Island, where he investigates a poaching case and a Jane Doe found in the harbor.",genre_is_not_romance,genre_is_not_romance
604,2413,13,,https://www.amazon.com/dp/1501171348?tag=thenewyorktim-20,,0,Laura Dave,https://static01.nyt.com/bestsellers/images/9781501171352.jpg,500,331,,nyt://book/13b09b58-ad39-56d5-bb93-c1f7eecd83b8,by Laura Dave,,2026-03-06T03:53:24.89Z,0,,0,,9781501171352,Marysue Rucci,14,13,,THE LAST THING HE TOLD ME,2026-03-06T03:53:24.89Z,47,"[{'isbn10': '', 'isbn13': '9781501171352'}]","[{'name': 'Amazon', 'url': 'https://www.amazon.com/dp/1501171348?tag=thenewyorktim-20'}, {'name': 'Apple Books', 'url': 'https://goto.applebooks.apple/9781501171352?at=10lIEQ'}, {'name': 'Barnes & Noble', 'url': 'https://barnesandnoble.sjv.io/c/197432/1961179/22009?prodsku=9781501171352&u=https%3A%2F%2Fwww.barnesandnoble.com%2Fw%2Fthe-last-thing-he-told-me-laura-dave%2F1137937512%3Fean%3D9781501171352&intsrc=APIG_15890'}, {'name': 'Books-A-Million', 'url': 'https://www.anrdoezrs.net/click-7990613-35140?url=https%3A%2F%2Fwww.booksamillion.com%2Fp%2FTHE%2BLAST%2BTHING%2BHE%2BTOLD%2BME%2FLaura%2BDave%2F9781501171352'}, {'name': 'Bookshop.org', 'url': 'https://bookshop.org/a/3546/9781501171352'}]",2023-06-18,2023-06-03,2023-06-18,2023-06-03,Hannah Hall discovers truths about her missing husband and bonds with his daughter from a previous relationship.,genre_is_not_romance,genre_is_not_romance
361,1247,2,,https://www.amazon.com/dp/1250367786?tag=thenewyorktim-20,,0,Carissa Broadbent,https://static01.nyt.com/bestsellers/images/9781250367785.jpg,500,322,,nyt://book/ccd3cbe3-9bb8-5658-96cc-66f108247c32,by Carissa Broadbent,,2026-03-05T20:00:33.955Z,0,,0,,9781250367785,Bramble,3,0,,THE SONGBIRD & THE HEART OF STONE,2026-03-05T20:00:33.955Z,1,"[{'isbn10': '', 'isbn13': '9781250367785'}]","[{'name': 'Amazon', 'url': 'https://www.amazon.com/dp/1250367786?tag=thenewyorktim-20'}, {'name': 'Apple Books', 'url': 'https://goto.applebooks.apple/9781250367785?at=10lIEQ'}, {'name': 'Barnes & Noble', 'url': 'https://barnesandnoble.sjv.io/c/197432/1961179/22009?prodsku=9781250367785&u=https%3A%2F%2Fwww.barnesandnoble.com%2Fw%2Fthe-songbird-and-the-heart-of-stone-carissa-broadbent%2F1146340468%3Fean%3D9781250367785&intsrc=APIG_15890'}, {'name': 'Books-A-Million', 'url': 'https://www.anrdoezrs.net/click-7990613-35140?url=https%3A%2F%2Fwww.booksamillion.com%2Fp%2FTHE%2BSONGBIRD%2B%2526%2BTHE%2BHEART%2BOF%2BSTONE%2FCarissa%2BBroadbent%2F9781250367785'}, {'name': 'Bookshop.org', 'url': 'https://bookshop.org/a/3546/9781250367785'}]",2024-12-08,2024-11-23,2024-12-08,2024-11-23,The third book in the Crowns of Nyaxia series and first book of the Shadowborn Duet.,genre_is_not_romance,genre_is_not_romance
484,1769,14,,https://www.amazon.com/dp/1635574048?tag=thenewyorktim-20,,0,Sarah J. Maas,https://static01.nyt.com/bestsellers/images/9781635574050.jpg,500,329,,nyt://book/dfb363bb-e112-53a6-84ac-9c3607f75c64,by Sarah J. Maas,,2026-03-06T00:21:55.287Z,0,,0,,9781635574050,Bloomsbury,15,0,,HOUSE OF EARTH AND BLOOD,2026-03-06T00:21:55.287Z,15,"[{'isbn10': '', 'isbn13': '9781635574050'}]","[{'name': 'Amazon', 'url': 'https://www.amazon.com/dp/1635574048?tag=thenewyorktim-20'}, {'name': 'Apple Books', 'url': 'https://goto.applebooks.apple/9781635574050?at=10lIEQ'}, {'name': 'Barnes & Noble', 'url': 'https://barnesandnoble.sjv.io/c/197432/1961179/22009?prodsku=9781635574050&u=https%3A%2F%2Fwww.barnesandnoble.com%2Fw%2Fhouse-of-earth-and-blood-sarah-j-maas%2F1131130550%3Fean%3D9781635574050&intsrc=APIG_15890'}, {'name': 'Books-A-Million', 'url': 'https://www.anrdoezrs.net/click-7990613-35140?url=https%3A%2F%2Fwww.booksamillion.com%2Fp%2FHOUSE%2BOF%2BEARTH%2BAND%2BBLOOD%2FSarah%2BJ.%2BMaas%2F9781635574050'}, {'name': 'Bookshop.org', 'url': 'https://bookshop.org/a/3546/9781635574050'}]",2024-04-14,2024-03-30,2024-04-14,2024-03-30,Passion arises between Bryce Quinlan and Hunt Athalar as they seek to avenge the deaths of Bryce’s friends.,genre_is_not_romance,genre_is_not_romance
58,159,9,,https://www.amazon.com/dp/B0FJD39MJB?tag=thenewyorktim-20,,0,Maria Semple,https://static01.nyt.com/bestsellers/images/9798217176632.jpg,500,331,https://www.nytimes.com/2026/04/13/books/review/go-gentle-maria-semple.html,nyt://book/3ce6cd2a-7e16-51ea-86e6-2e0d87ae6bd6,by Maria Semple,,2026-04-22T17:21:13.085Z,0,,0,,9798217176632,Putnam,10,0,,GO GENTLE,2026-04-22T17:21:13.085Z,1,"[{'isbn10': '', 'isbn13': '9798217176632'}]","[{'name': 'Amazon', 'url': 'https://www.amazon.com/dp/B0FJD39MJB?tag=thenewyorktim-20'}, {'name': 'Apple Books', 'url': 'https://goto.applebooks.apple/9798217176632?at=10lIEQ'}, {'name': 'Barnes & Noble', 'url': 'https://barnesandnoble.sjv.io/c/197432/1961179/22009?prodsku=9798217176632&u=https%3A%2F%2Fwww.barnesandnoble.com%2Fw%2Fgo-gentle-maria-semple%2F1147869474%3Fean%3D9798217176632&intsrc=APIG_15890'}, {'name': 'Books-A-Million', 'url': 'https://www.anrdoezrs.net/click-7990613-35140?url=https%3A%2F%2Fwww.booksamillion.com%2Fp%2FGo-Gentle%2FMaria-Semple%2F9798217176632'}, {'name': 'Bookshop.org', 'url': 'https://bookshop.org/a/3546/9798217176632'}]",2026-05-03,2026-04-18,2026-05-03,2026-04-18,"Adora Hazzard, a contented divorcée, meets a handsome stranger and becomes engulfed by desire and intrigue.",genre_is_romance,genre_is_romance
1226,5152,7,,https://www.amazon.com/Where-Winter-Finds-You-Brotherhood-ebook/dp/B07QCQG4S4?tag=thenewyorktim-20,,0,J.R. Ward,https://static01.nyt.com/bestsellers/images/9781501195181.jpg,495,303,,nyt://book/0ad62da4-fddb-514a-a6ed-e881eb5baa66,by J.R. Ward,,2026-03-06T11:36:27.982Z,0,,0,,9781501195181,Gallery,8,0,,WHERE WINTER FINDS YOU,2026-03-06T11:36:27.982Z,1,"[{'isbn10': '', 'isbn13': '9781501195181'}]","[{'name': 'Amazon', 'url': 'https://www.amazon.com/Where-Winter-Finds-You-Brotherhood-ebook/dp/B07QCQG4S4?tag=thenewyorktim-20'}, {'name': 'Apple Books', 'url': 'https://goto.applebooks.apple/9781501195181?at=10lIEQ'}, {'name': 'Barnes & Noble', 'url': 'https://barnesandnoble.sjv.io/c/197432/1961179/22009?prodsku=9781501195181&u=https%3A%2F%2Fwww.barnesandnoble.com%2Fw%2Fwhere-winter-finds-you-j-r-ward%2F1131677681%3Fean%3D9781501195181&intsrc=APIG_15890'}, {'name': 'Books-A-Million', 'url': 'https://www.anrdoezrs.net/click-7990613-35140?url=https%3A%2F%2Fwww.booksamillion.com%2Fp%2FWHERE%2BWINTER%2BFINDS%2BYOU%2FJR%2BWard%2F9781501195181'}, {'name': 'Bookshop.org', 'url': 'https://bookshop.org/a/3546/9781501195181'}]",2019-12-15,2019-11-30,2019-12-15,2019-11-30,A holiday saga featuring characters from the Black Dagger Brotherhood series.,genre_is_not_romance,genre_is_not_romance
1411,5755,10,,https://www.amazon.com/Wedding-Guest-Alex-Delaware-Novel-ebook/dp/B07CWF85NK?tag=thenewyorktim-20,,0,Jonathan Kellerman,https://static01.nyt.com/bestsellers/images/9780525618508.jpg,495,326,,nyt://book/f1f26303-c8de-5f95-aa01-d77711605d11,by Jonathan Kellerman,,2026-03-06T09:53:19.969Z,0,,0,,9780525618508,Ballantine,11,6,,THE WEDDING GUEST,2026-03-06T09:53:19.969Z,3,"[{'isbn10': '', 'isbn13': '9780525618508'}]","[{'name': 'Amazon', 'url': 'https://www.amazon.com/Wedding-Guest-Alex-Delaware-Novel-ebook/dp/B07CWF85NK?tag=thenewyorktim-20'}, {'name': 'Apple Books', 'url': 'https://goto.applebooks.apple/9780525618508?at=10lIEQ'}, {'name': 'Barnes & Noble', 'url': 'https://barnesandnoble.sjv.io/c/197432/1961179/22009?prodsku=9780525618508&u=https%3A%2F%2Fwww.barnesandnoble.com%2Fw%2Fthe-wedding-guest-jonathan-kellerman%2F1129474851%3Fean%3D9780525618508&intsrc=APIG_15890'}, {'name': 'Books-A-Million', 'url': 'https://www.anrdoezrs.net/click-7990613-35140?url=https%3A%2F%2Fwww.booksamillion.com%2Fp%2FTHE%2BWEDDING%2BGUEST%2FJonathan%2BKellerman%2F9780525618508'}, {'name': 'Bookshop.org', 'url': 'https://bookshop.org/a/3546/9780525618508'}]",2019-03-10,2019-02-23,2019-03-10,2019-02-23,Milo Sturgis and Alex Delaware investigate the death of a stranger at a wedding reception.,genre_is_not_romance,genre_is_not_romance
2071,7970,15,,http://www.amazon.com/Gentleman-Never-Tells-Novella-ebook/dp/B01DIV0QEM?tag=thenewyorktim-20,,0,Eloisa James,https://static01.nyt.com/bestsellers/images/9780062573063.jpg,495,307,,nyt://book/ec45b53a-c248-5ee9-979b-0cb00056c546,by Eloisa James,,2026-03-18T00:14:18.053Z,0,,0,,9780062573063,Avon Impulse,16,0,,A GENTLEMAN NEVER TELLS,2026-03-18T00:14:18.053Z,0,"[{'isbn10': '', 'isbn13': '9780062573063'}]","[{'name': 'Amazon', 'url': 'http://www.amazon.com/Gentleman-Never-Tells-Novella-ebook/dp/B01DIV0QEM?tag=thenewyorktim-20'}, {'name': 'Apple Books', 'url': 'https://goto.applebooks.apple/9780062573063?at=10lIEQ'}, {'name': 'Barnes and Noble', 'url': 'https://www.barnesandnoble.com/w/?ean=9780062573063'}, {'name': 'Books-A-Million', 'url': 'https://www.anrdoezrs.net/click-7990613-35140?url=https%3A%2F%2Fwww.booksamillion.com%2Fp%2FA%2BGENTLEMAN%2BNEVER%2BTELLS%2FEloisa%2BJames%2F9780062573063'}, {'name': 'Bookshop.org', 'url': 'https://bookshop.org/a/3546/9780062573063'}]",2016-07-17,2016-07-02,2016-07-17,2016-07-02,A novella traces a widow's course into the arms of a reformed rake.,genre_is_romance,genre_is_romance
1266,5307,12,,https://www.amazon.com/Little-Hatred-Age-Madness-Book-ebook/dp/B07MJ656W9?tag=thenewyorktim-20,,0,Joe Abercrombie,https://static01.nyt.com/bestsellers/images/9780316341868.jpg,495,320,,nyt://book/e9c99c73-8942-58ae-b0f6-92cd7d571aa6,by Joe Abercrombie,,2026-03-06T11:08:01.964Z,0,,0,,9780316341868,Orbit,13,0,,A LITTLE HATRED,2026-03-06T11:08:01.964Z,1,"[{'isbn10': '', 'isbn13': '9780316341868'}]","[{'name': 'Amazon', 'url': 'https://www.amazon.com/Little-Hatred-Age-Madness-Book-ebook/dp/B07MJ656W9?tag=thenewyorktim-20'}, {'name': 'Apple Books', 'url': 'https://goto.applebooks.apple/9780316341868?at=10lIEQ'}, {'name': 'Barnes & Noble', 'url': 'https://barnesandnoble.sjv.io/c/197432/1961179/22009?prodsku=9780316341868&u=https%3A%2F%2Fwww.barnesandnoble.com%2Fw%2Fa-little-hatred-joe-abercrombie%2F1130070766%3Fean%3D9780316341868&intsrc=APIG_15890'}, {'name': 'Books-A-Million', 'url': 'https://www.anrdoezrs.net/click-7990613-35140?url=https%3A%2F%2Fwww.booksamillion.com%2Fp%2FA%2BLITTLE%2BHATRED%2FJoe%2BAbercrombie%2F9780316341868'}, {'name': 'Bookshop.org', 'url': 'https://bookshop.org/a/3546/9780316341868'}]",2019-10-06,2019-09-21,2019-10-06,2019-09-21,The Age of Madness series opens with a war erupting during a time of change.,genre_is_not_romance,genre_is_not_romance
1621,6442,7,,https://www.amazon.com/Cave-Bones-Leaphorn-Manuelito-Novel-ebook/dp/B071KYZBT5?tag=thenewyorktim-20,,0,Anne Hillerman,https://static01.nyt.com/bestsellers/images/9780062391940.jpg,495,328,,nyt://book/46ac2f73-afc7-5580-96ba-896d86d7c83a,by Anne Hillerman,,2026-03-06T12:06:07.958Z,0,,0,,9780062391940,Harper,8,0,,CAVE OF BONES,2026-03-06T12:06:07.958Z,1,"[{'isbn10': '', 'isbn13': '9780062391940'}]","[{'name': 'Amazon', 'url': 'https://www.amazon.com/Cave-Bones-Leaphorn-Manuelito-Novel-ebook/dp/B071KYZBT5?tag=thenewyorktim-20'}, {'name': 'Apple Books', 'url': 'https://goto.applebooks.apple/9780062391940?at=10lIEQ'}, {'name': 'Barnes & Noble', 'url': 'https://barnesandnoble.sjv.io/c/197432/1961179/22009?prodsku=9780062391940&u=https%3A%2F%2Fwww.barnesandnoble.com%2Fw%2Fcave-of-bones-anne-hillerman%2F1126314284%3Fean%3D9780062391940&intsrc=APIG_15890'}, {'name': 'Books-A-Million', 'url': 'https://www.anrdoezrs.net/click-7990613-35140?url=https%3A%2F%2Fwww.booksamillion.com%2Fp%2FCAVE%2BOF%2BBONES%2FAnne%2BHillerman%2F9780062391940'}, {'name': 'Bookshop.org', 'url': 'https://bookshop.org/a/3546/9780062391940'}]",2018-04-22,2018-04-07,2018-04-22,2018-04-07,Tribal police officers search the Navajo Nation for a missing instructor and investigate a troubled girl’s story of finding human remains.,genre_is_not_romance,genre_is_not_romance
438,1587,12,,https://www.amazon.com/dp/172829214X?tag=thenewyorktim-20,,0,Lauren Asher,https://static01.nyt.com/bestsellers/images/9781728292144.jpg,500,330,,nyt://book/b032bd1b-e901-5ef8-a902-eda4de93670e,by Lauren Asher,,2026-03-06T00:10:03.019Z,0,,0,,9781728292144,Bloom,13,0,,LOVE UNWRITTEN,2026-03-06T00:10:03.019Z,1,"[{'isbn10': '', 'isbn13': '9781728292144'}]","[{'name': 'Amazon', 'url': 'https://www.amazon.com/dp/172829214X?tag=thenewyorktim-20'}, {'name': 'Apple Books', 'url': 'https://goto.applebooks.apple/9781728292144?at=10lIEQ'}, {'name': 'Barnes & Noble', 'url': 'https://barnesandnoble.sjv.io/c/197432/1961179/22009?prodsku=9781728292144&u=https%3A%2F%2Fwww.barnesandnoble.com%2Fw%2Flove-unwritten-lauren-asher%2F1144309766%3Fean%3D9781728292144&intsrc=APIG_15890'}, {'name': 'Books-A-Million', 'url': 'https://www.anrdoezrs.net/click-7990613-35140?url=https%3A%2F%2Fwww.booksamillion.com%2Fp%2FLOVE%2BUNWRITTEN%2FLauren%2BAsher%2F9781728292144'}, {'name': 'Bookshop.org', 'url': 'https://bookshop.org/a/3546/9781728292144'}]",2024-07-07,2024-06-22,2024-07-07,2024-06-22,The second book in the Lakefront Billionaires series. A workaholic becomes attracted to the songwriter who had a crush on him in high school.,genre_is_romance,genre_is_romance
1791,7058,8,,https://www.amazon.com/Beach-House-Rent-Book-ebook/dp/B01MPZHKJ5?tag=thenewyorktim-20,,0,Mary Alice Monroe,https://static01.nyt.com/bestsellers/images/9781501125515.jpg,495,328,,nyt://book/352b33d7-5b3d-5337-8101-bf2950d30fdc,by Mary Alice Monroe,,2026-03-06T15:19:11Z,0,,0,,9781501125515,Gallery Books,9,0,,BEACH HOUSE FOR RENT,2026-03-06T15:19:11Z,1,"[{'isbn10': '', 'isbn13': '9781501125515'}]","[{'name': 'Amazon', 'url': 'https://www.amazon.com/Beach-House-Rent-Book-ebook/dp/B01MPZHKJ5?tag=thenewyorktim-20'}, {'name': 'Apple Books', 'url': 'https://goto.applebooks.apple/9781501125515?at=10lIEQ'}, {'name': 'Barnes & Noble', 'url': 'https://barnesandnoble.sjv.io/c/197432/1961179/22009?prodsku=9781501125515&u=https%3A%2F%2Fwww.barnesandnoble.com%2Fw%2Fbeach-house-for-rent-mary-alice-monroe%2F1124863879%3Fean%3D9781501125515&intsrc=APIG_15890'}, {'name': 'Books-A-Million', 'url': 'https://www.anrdoezrs.net/click-7990613-35140?url=https%3A%2F%2Fwww.booksamillion.com%2Fp%2FBEACH%2BHOUSE%2BFOR%2BRENT%2FMary%2BAlice%2BMonroe%2F9781501125515'}, {'name': 'Bookshop.org', 'url': 'https://bookshop.org/a/3546/9781501125515'}]",2017-07-09,2017-06-24,2017-07-09,2017-06-24,A woman who has rented out her South Carolina beach house for the summer winds up sharing it with her tenant when she is faced with a tragedy.,genre_is_romance,genre_is_not_romance
1286,5362,7,,https://www.amazon.com/Turn-Key-Ruth-Ware/dp/1501188771?tag=thenewyorktim-20,,0,Ruth Ware,https://static01.nyt.com/bestsellers/images/9781501188770.jpg,495,330,,nyt://book/5339fc59-ef00-5470-a01f-5dbc5f30e46a,by Ruth Ware,,2026-03-06T11:00:36.092Z,0,,0,,9781501188770,Scout,8,9,,THE TURN OF THE KEY,2026-03-06T11:00:36.092Z,3,"[{'isbn10': '', 'isbn13': '9781501188770'}]","[{'name': 'Amazon', 'url': 'https://www.amazon.com/Turn-Key-Ruth-Ware/dp/1501188771?tag=thenewyorktim-20'}, {'name': 'Apple Books', 'url': 'https://goto.applebooks.apple/9781501188770?at=10lIEQ'}, {'name': 'Barnes & Noble', 'url': 'https://www.barnesandnoble.com/s/THE%20TURN%20OF%20THE%20KEY'}, {'name': 'Books-A-Million', 'url': 'https://www.anrdoezrs.net/click-7990613-35140?url=https%3A%2F%2Fwww.booksamillion.com%2Fp%2FTHE%2BTURN%2BOF%2BTHE%2BKEY%2FRuth%2BWare%2F9781501188770'}, {'name': 'Bookshop.org', 'url': 'https://bookshop.org/a/3546/9781501188770'}]",2019-09-08,2019-08-24,2019-09-08,2019-08-24,A nanny working in a technology-laden house in Scotland goes to jail when one of the children dies.,genre_is_not_romance,genre_is_not_romance
2118,8132,17,,http://www.amazon.com/The-Heist-Novel-Fox-OHare/dp/0345543041?tag=thenewyorktim-20,,0,Janet Evanovich and Lee Goldberg,https://static01.nyt.com/bestsellers/images/9780345543066.jpg,495,328,,nyt://book/d5269974-a8fc-5310-9d77-9b9dfd381f35,by Janet Evanovich and Lee Goldberg,,2026-03-18T00:10:55.755Z,0,,0,,9780345543066,Bantam,18,0,,THE HEIST,2026-03-18T00:10:55.755Z,0,"[{'isbn10': '', 'isbn13': '9780345543066'}]","[{'name': 'Amazon', 'url': 'http://www.amazon.com/The-Heist-Novel-Fox-OHare/dp/0345543041?tag=thenewyorktim-20'}, {'name': 'Apple Books', 'url': 'https://goto.applebooks.apple/9780345543066?at=10lIEQ'}, {'name': 'Barnes and Noble', 'url': 'https://www.barnesandnoble.com/w/?ean=9780345543066'}, {'name': 'Books-A-Million', 'url': 'https://www.anrdoezrs.net/click-7990613-35140?url=https%3A%2F%2Fwww.booksamillion.com%2Fp%2FTHE%2BHEIST%2FJanet%2BEvanovich%2Band%2BLee%2BGoldberg%2F9780345543066'}, {'name': 'Bookshop.org', 'url': 'https://bookshop.org/a/3546/9780345543066'}]",2016-05-22,2016-05-07,2016-05-22,2016-05-07,"In the first book of a new series, Kate O’Hare, an F.B.I. special agent, teams up with Nicolas Fox, a handsome con man, to catch a corrupt investment banker in hiding. ",genre_is_not_romance,genre_is_not_romance
453,1653,3,,https://www.amazon.com/dp/1728260728?tag=thenewyorktim-20,,0,Elle Kennedy,https://static01.nyt.com/bestsellers/images/9781990101199.jpg,500,333,,nyt://book/9ff28224-00b8-52a7-81f5-e0dda5df6d21,by Elle Kennedy,,2026-03-06T00:16:45.809Z,0,,0,,9781990101199,Bloom,4,0,,THE DIXON RULE,2026-03-06T00:16:45.809Z,1,"[{'isbn10': '', 'isbn13': '9781990101199'}]","[{'name': 'Amazon', 'url': 'https://www.amazon.com/dp/1728260728?tag=thenewyorktim-20'}, {'name': 'Apple Books', 'url': 'https://goto.applebooks.apple/9781990101199?at=10lIEQ'}, {'name': 'Barnes & Noble', 'url': 'https://www.barnesandnoble.com/s/THE%20DIXON%20RULE'}, {'name': 'Books-A-Million', 'url': 'https://www.anrdoezrs.net/click-7990613-35140?url=https%3A%2F%2Fwww.booksamillion.com%2Fp%2FTHE%2BDIXON%2BRULE%2FElle%2BKennedy%2F9781990101199'}, {'name': 'Bookshop.org', 'url': 'https://bookshop.org/a/3546/9781990101199'}]",2024-06-02,2024-05-18,2024-06-02,2024-05-18,The second book of the Campus Diaries series. Diana and the new guy in her building pretend to be in a relationship to confound their exes.,genre_is_romance,genre_is_romance
1192,4963,13,,https://www.amazon.com/Outsider-Novel-Stephen-King/dp/1501180983?tag=thenewyorktim-20,,0,Stephen King,https://static01.nyt.com/bestsellers/images/9781982148249.jpg,495,326,https://www.nytimes.com/2018/05/22/books/review/outsider-stephen-king.html,nyt://book/bf6936b2-4aa3-52f0-a1e8-7db4060aa801,by Stephen King,,2026-03-06T09:36:32.927Z,0,,0,,9781982148249,Gallery,14,13,,THE OUTSIDER,2026-03-06T09:36:32.927Z,18,"[{'isbn10': '', 'isbn13': '9781982148249'}]","[{'name': 'Amazon', 'url': 'https://www.amazon.com/Outsider-Novel-Stephen-King/dp/1501180983?tag=thenewyorktim-20'}, {'name': 'Apple Books', 'url': 'https://goto.applebooks.apple/9781982148249?at=10lIEQ'}, {'name': 'Barnes & Noble', 'url': 'https://www.barnesandnoble.com/s/THE%20OUTSIDER'}, {'name': 'Books-A-Million', 'url': 'https://www.anrdoezrs.net/click-7990613-35140?url=https%3A%2F%2Fwww.booksamillion.com%2Fp%2FTHE%2BOUTSIDER%2FStephen%2BKing%2F9781982148249'}, {'name': 'Bookshop.org', 'url': 'https://bookshop.org/a/3546/9781982148249'}]",2020-03-15,2020-02-29,2020-03-15,2020-02-29,A detective investigates a seemingly wholesome member of the community when an 11-year-old boy’s body is found.,genre_is_not_romance,genre_is_not_romance
1165,4868,8,,http://www.amazon.com/Everything-Never-Told-You-Novel/dp/159420571X?tag=thenewyorktim-20,,0,Celeste Ng,https://static01.nyt.com/bestsellers/images/9780143127550.jpg,193,128,,nyt://book/492e2328-5993-563b-982d-7f86985e5f55,by Celeste Ng,,2026-03-18T00:07:14.887Z,0,,0,,9780143127550,Penguin,9,0,https://www.nytimes.com/2014/08/17/books/review/everything-i-never-told-you-by-celeste-ng.html,EVERYTHING I NEVER TOLD YOU,2026-03-18T00:07:14.887Z,2,"[{'isbn10': '', 'isbn13': '9780143127550'}]","[{'name': 'Amazon', 'url': 'http://www.amazon.com/Everything-Never-Told-You-Novel/dp/159420571X?tag=thenewyorktim-20'}, {'name': 'Apple Books', 'url': 'https://goto.applebooks.apple/9780143127550?at=10lIEQ'}, {'name': 'Barnes and Noble', 'url': 'https://www.barnesandnoble.com/w/?ean=9780143127550'}, {'name': 'Books-A-Million', 'url': 'https://www.anrdoezrs.net/click-7990613-35140?url=https%3A%2F%2Fwww.booksamillion.com%2Fp%2FEVERYTHING%2BI%2BNEVER%2BTOLD%2BYOU%2FCeleste%2BNg%2F9780143127550'}, {'name': 'Bookshop.org', 'url': 'https://bookshop.org/a/3546/9780143127550'}]",2020-04-26,2020-04-11,2020-04-26,2020-04-11,A daughter’s death from drowning tears away at a Chinese-American family in 1970s Ohio.,genre_is_not_romance,genre_is_not_romance
2092,8049,14,,http://www.amazon.com/City-Mirrors-Novel-Passage-Trilogy-ebook/dp/B015BCWZWW?tag=thenewyorktim-20,,0,Justin Cronin,https://static01.nyt.com/bestsellers/images/9780804177641.jpg,495,326,,nyt://book/a5640bca-7994-5f6c-9552-e599c5a9087b,by Justin Cronin,,2026-03-18T00:12:35.919Z,0,,0,,9780804177641,Ballantine,15,2,,THE CITY OF MIRRORS,2026-03-18T00:12:35.919Z,2,"[{'isbn10': '', 'isbn13': '9780804177641'}]","[{'name': 'Amazon', 'url': 'http://www.amazon.com/City-Mirrors-Novel-Passage-Trilogy-ebook/dp/B015BCWZWW?tag=thenewyorktim-20'}, {'name': 'Apple Books', 'url': 'https://goto.applebooks.apple/9780804177641?at=10lIEQ'}, {'name': 'Barnes and Noble', 'url': 'https://www.barnesandnoble.com/w/?ean=9780804177641'}, {'name': 'Books-A-Million', 'url': 'https://www.anrdoezrs.net/click-7990613-35140?url=https%3A%2F%2Fwww.booksamillion.com%2Fp%2FTHE%2BCITY%2BOF%2BMIRRORS%2FJustin%2BCronin%2F9780804177641'}, {'name': 'Bookshop.org', 'url': 'https://bookshop.org/a/3546/9780804177641'}]",2016-06-19,2016-06-04,2016-06-19,2016-06-04,"In the conclusion to the trilogy that included “The Passage” and “The Twelve,” the virals bent on destroying humanity seem to have been vanquished, only to rise again.",genre_is_not_romance,genre_is_not_romance
1245,5232,12,,https://www.amazon.com/Land-Long-Lost-Friends-Detective-ebook/dp/B07N5HFL5S?tag=thenewyorktim-20,,0,Alexander McCall Smith,https://static01.nyt.com/bestsellers/images/9781524747831.jpg,495,326,,nyt://book/980b5915-b7ec-5427-89fe-287290b2ea9d,by Alexander McCall Smith,,2026-03-06T11:23:35.948Z,0,,0,,9781524747831,Pantheon,13,0,,TO THE LAND OF LONG LOST FRIENDS,2026-03-06T11:23:35.948Z,1,"[{'isbn10': '', 'isbn13': '9781524747831'}]","[{'name': 'Amazon', 'url': 'https://www.amazon.com/Land-Long-Lost-Friends-Detective-ebook/dp/B07N5HFL5S?tag=thenewyorktim-20'}, {'name': 'Apple Books', 'url': 'https://goto.applebooks.apple/9781524747831?at=10lIEQ'}, {'name': 'Barnes & Noble', 'url': 'https://barnesandnoble.sjv.io/c/197432/1961179/22009?prodsku=9781524747831&u=https%3A%2F%2Fwww.barnesandnoble.com%2Fw%2Fto-the-land-of-long-lost-friends-alexander-mccall-smith%2F1131001575%3Fean%3D9781524747831&intsrc=APIG_15890'}, {'name': 'Books-A-Million', 'url': 'https://www.anrdoezrs.net/click-7990613-35140?url=https%3A%2F%2Fwww.booksamillion.com%2Fp%2FTO%2BTHE%2BLAND%2BOF%2BLONG%2BLOST%2BFRIENDS%2FAlexander%2BMcCall%2BSmith%2F9781524747831'}, {'name': 'Bookshop.org', 'url': 'https://bookshop.org/a/3546/9781524747831'}]",2019-11-10,2019-10-26,2019-11-10,2019-10-26,The 20th book in the No. 1 Ladies’ Detective Agency Series. Precious Ramotswe’s latest case involves a preacher and a young woman.,genre_is_not_romance,genre_is_not_romance
332,1078,13,,https://www.amazon.com/dp/1538770563?tag=thenewyorktim-20,,0,Steve Berry,https://static01.nyt.com/bestsellers/images/9781538770597.jpg,500,331,,nyt://book/a5da89bf-70c0-56a1-a772-ddccd1f40749,by Steve Berry,,2026-03-09T17:11:45.783Z,0,,0,,9781538770597,Grand Central,14,0,,THE MEDICI RETURN,2026-03-09T17:11:45.783Z,1,"[{'isbn10': '', 'isbn13': '9781538770597'}]","[{'name': 'Amazon', 'url': 'https://www.amazon.com/dp/1538770563?tag=thenewyorktim-20'}, {'name': 'Apple Books', 'url': 'https://goto.applebooks.apple/9781538770597?at=10lIEQ'}, {'name': 'Barnes & Noble', 'url': 'https://barnesandnoble.sjv.io/c/197432/1961179/22009?prodsku=9781538770597&u=https%3A%2F%2Fwww.barnesandnoble.com%2Fw%2Fthe-medici-return-steve-berry%2F1145683604%3Fean%3D9781538770597&intsrc=APIG_15890'}, {'name': 'Books-A-Million', 'url': 'https://www.anrdoezrs.net/click-7990613-35140?url=https%3A%2F%2Fwww.booksamillion.com%2Fp%2FTHE%2BMEDICI%2BRETURN%2FSteve%2BBerry%2F9781538770597'}, {'name': 'Bookshop.org', 'url': 'https://bookshop.org/a/3546/9781538770597'}]",2025-03-02,2025-02-15,2025-03-02,2025-02-15,The 19th book in the Cotton Malone series. Malone goes to Italy to unravel a five-centuries-old mystery.,genre_is_not_romance,genre_is_not_romance
1832,7197,12,,https://www.amazon.com/Stars-Are-Fire-novel-ebook/dp/B01LYMHHJG?tag=thenewyorktim-20,,0,Anita Shreve,https://static01.nyt.com/bestsellers/images/9780385350914.jpg,491,330,,nyt://book/b9382131-ca9f-53ca-b199-4e39d7ecb8ed,by Anita Shreve,,2026-03-06T14:55:56.261Z,0,,0,,9780385350914,Knopf,13,0,,THE STARS ARE FIRE,2026-03-06T14:55:56.261Z,1,"[{'isbn10': '', 'isbn13': '9780385350914'}]","[{'name': 'Amazon', 'url': 'https://www.amazon.com/Stars-Are-Fire-novel-ebook/dp/B01LYMHHJG?tag=thenewyorktim-20'}, {'name': 'Apple Books', 'url': 'https://goto.applebooks.apple/9780385350914?at=10lIEQ'}, {'name': 'Barnes & Noble', 'url': 'https://barnesandnoble.sjv.io/c/197432/1961179/22009?prodsku=9780385350914&u=https%3A%2F%2Fwww.barnesandnoble.com%2Fw%2Fthe-stars-are-fire-anita-shreve%2F1124690696%3Fean%3D9780385350914&intsrc=APIG_15890'}, {'name': 'Books-A-Million', 'url': 'https://www.anrdoezrs.net/click-7990613-35140?url=https%3A%2F%2Fwww.booksamillion.com%2Fp%2FTHE%2BSTARS%2BARE%2BFIRE%2FAnita%2BShreve%2F9780385350914'}, {'name': 'Bookshop.org', 'url': 'https://bookshop.org/a/3546/9780385350914'}]",2017-05-07,2017-04-22,2017-05-07,2017-04-22,A conflagration is a form of freedom for a Maine housewife.,genre_is_not_romance,genre_is_not_romance
2067,7952,17,,http://www.amazon.com/Moonshot-Alessandra-Torre-ebook/dp/B01HTWF1CI?tag=thenewyorktim-20,,0,Alessandra Torre,https://static01.nyt.com/bestsellers/images/9781940941776.jpg,495,330,,nyt://book/0f23fe91-a501-5d76-be89-85316ec045a3,by Alessandra Torre,,2026-03-18T00:14:19.577Z,0,,0,,9781940941776,EverAfter Romance,18,0,,MOONSHOT,2026-03-18T00:14:19.577Z,0,"[{'isbn10': '', 'isbn13': '9781940941776'}]","[{'name': 'Amazon', 'url': 'http://www.amazon.com/Moonshot-Alessandra-Torre-ebook/dp/B01HTWF1CI?tag=thenewyorktim-20'}, {'name': 'Apple Books', 'url': 'https://goto.applebooks.apple/9781940941776?at=10lIEQ'}, {'name': 'Barnes and Noble', 'url': 'https://www.barnesandnoble.com/w/?ean=9781940941776'}, {'name': 'Books-A-Million', 'url': 'https://www.anrdoezrs.net/click-7990613-35140?url=https%3A%2F%2Fwww.booksamillion.com%2Fp%2FMOONSHOT%2FAlessandra%2BTorre%2F9781940941776'}, {'name': 'Bookshop.org', 'url': 'https://bookshop.org/a/3546/9781940941776'}]",2016-07-24,2016-07-09,2016-07-24,2016-07-09,The daughter of a Yankees legend tries to resist the party boy newly traded to the team.,genre_is_romance,genre_is_romance
537,2073,3,,https://www.amazon.com/dp/1957568437?tag=thenewyorktim-20,,0,Jennifer L. Armentrout,https://static01.nyt.com/bestsellers/images/9781957568492.jpg,500,333,,nyt://book/874c2e91-92be-5029-8c7a-f3cbb768a874,by Jennifer L. Armentrout,,2026-03-06T01:48:28.266Z,0,,0,,9781957568492,Blue Box,4,0,,A FIRE IN THE FLESH,2026-03-06T01:48:28.266Z,1,"[{'isbn10': '', 'isbn13': '9781957568492'}]","[{'name': 'Amazon', 'url': 'https://www.amazon.com/dp/1957568437?tag=thenewyorktim-20'}, {'name': 'Apple Books', 'url': 'https://goto.applebooks.apple/9781957568492?at=10lIEQ'}, {'name': 'Barnes & Noble', 'url': 'https://www.barnesandnoble.com/s/A%20FIRE%20IN%20THE%20FLESH'}, {'name': 'Books-A-Million', 'url': 'https://www.anrdoezrs.net/click-7990613-35140?url=https%3A%2F%2Fwww.booksamillion.com%2Fp%2FA%2BFIRE%2BIN%2BTHE%2BFLESH%2FJennifer%2BL.%2BArmentrout%2F9781957568492'}, {'name': 'Bookshop.org', 'url': 'https://bookshop.org/a/3546/9781957568492'}]",2023-11-19,2023-11-04,2023-11-19,2023-11-04,The third book in the Flesh and Fire series. The destinies of Nyktos and Sera may be out of their hands.,genre_is_not_romance,genre_is_not_romance
1170,4889,14,,https://www.amazon.com/dp/0062671189?tag=thenewyorktim-20,,0,Louise Erdrich,https://static01.nyt.com/bestsellers/images/9780062671189.jpg,500,331,https://www.nytimes.com/2020/03/03/books/review/night-watchman-louise-erdrich.html,nyt://book/d37bbfca-b750-5a5c-ad3a-3495748aeae1,by Louise Erdrich,,2026-03-06T07:47:02.418Z,0,,0,,9780062671189,Harper,15,0,,THE NIGHT WATCHMAN,2026-03-06T07:47:02.418Z,1,"[{'isbn10': '', 'isbn13': '9780062671189'}]","[{'name': 'Amazon', 'url': 'https://www.amazon.com/dp/0062671189?tag=thenewyorktim-20'}, {'name': 'Apple Books', 'url': 'https://goto.applebooks.apple/9780062671189?at=10lIEQ'}, {'name': 'Barnes & Noble', 'url': 'https://barnesandnoble.sjv.io/c/197432/1961179/22009?prodsku=9780062671189&u=https%3A%2F%2Fwww.barnesandnoble.com%2Fw%2Fthe-night-watchman-louise-erdrich%2F1130335658%3Fean%3D9780062671189&intsrc=APIG_15890'}, {'name': 'Books-A-Million', 'url': 'https://www.anrdoezrs.net/click-7990613-35140?url=https%3A%2F%2Fwww.booksamillion.com%2Fp%2FTHE%2BNIGHT%2BWATCHMAN%2FLouise%2BErdrich%2F9780062671189'}, {'name': 'Bookshop.org', 'url': 'https://bookshop.org/a/3546/9780062671189'}]",2020-04-19,2020-04-04,2020-04-19,2020-04-04,"As a bill that may hurt the rights of Native Americans goes to Congress in 1953, domestic issues arise for plant workers near the Turtle Mountain Reservation in North Dakota.",genre_is_not_romance,genre_is_not_romance
36,112,7,,https://www.amazon.com/dp/0008761477?tag=thenewyorktim-20,,0,Laurie Gilmore,https://static01.nyt.com/bestsellers/images/9780008761479.jpg,500,328,,nyt://book/2f5a3113-7e4f-54d7-8a94-9f0dfbd05b42,by Laurie Gilmore,,2026-05-13T17:27:23.326Z,0,,0,,9780008761479,HarperCollins,8,0,,THE DAISY CHAIN FLOWER SHOP,2026-05-13T17:27:23.326Z,1,"[{'isbn10': '', 'isbn13': '9780008761479'}]","[{'name': 'Amazon', 'url': 'https://www.amazon.com/dp/0008761477?tag=thenewyorktim-20'}, {'name': 'Apple Books', 'url': 'https://goto.applebooks.apple/9780008761479?at=10lIEQ'}, {'name': 'Barnes & Noble', 'url': 'https://barnesandnoble.sjv.io/c/197432/1961179/22009?prodsku=9780008761479&u=https%3A%2F%2Fwww.barnesandnoble.com%2Fw%2Fthe-daisy-chain-flower-shop-laurie-gilmore%2F1147722644%3Fean%3D9780008761479&intsrc=APIG_15890'}, {'name': 'Books-A-Million', 'url': 'https://www.anrdoezrs.net/click-7990613-35140?url=https%3A%2F%2Fwww.booksamillion.com%2Fp%2FDaisy-Chain-Flower-Shop%2FLaurie-Gilmore%2F9780008761479'}, {'name': 'Bookshop.org', 'url': 'https://bookshop.org/a/3546/9780008761479'}]",2026-05-24,2026-05-09,2026-05-24,2026-05-09,The sixth book in the Dream Harbor series. A flower shop might be the source of bad luck or love.,genre_is_romance,genre_is_romance
65,183,3,,https://www.amazon.com/dp/B0FH12YK29?tag=thenewyorktim-20,,0,Tana French,https://static01.nyt.com/bestsellers/images/9780593493472.jpg,500,331,,nyt://book/1ed33be6-305f-5f92-ace7-37c3c22f1ec0,by Tana French,,2026-04-08T18:13:20.893Z,0,,0,,9780593493472,Viking,4,0,,THE KEEPER,2026-04-08T18:13:20.893Z,1,"[{'isbn10': '', 'isbn13': '9780593493472'}]","[{'name': 'Amazon', 'url': 'https://www.amazon.com/dp/B0FH12YK29?tag=thenewyorktim-20'}, {'name': 'Apple Books', 'url': 'https://goto.applebooks.apple/9780593493472?at=10lIEQ'}, {'name': 'Barnes & Noble', 'url': 'https://barnesandnoble.sjv.io/c/197432/1961179/22009?prodsku=9780593493472&u=https%3A%2F%2Fwww.barnesandnoble.com%2Fw%2Fthe-keeper-tana-french%2F1147793882%3Fean%3D9780593493472&intsrc=APIG_15890'}, {'name': 'Books-A-Million', 'url': 'https://www.anrdoezrs.net/click-7990613-35140?url=https%3A%2F%2Fwww.booksamillion.com%2Fsearch%3Fquery%3DTHE%2520KEEPER%2520by%2520Tana%2520French'}, {'name': 'Bookshop.org', 'url': 'https://bookshop.org/a/3546/9780593493472'}]",2026-04-19,2026-04-04,2026-04-19,2026-04-04,The third book in the Cal Hooper series. Old feuds are reignited when a girl who was to be betrothed is found dead in a remote Irish village.,genre_is_not_romance,genre_is_not_romance
2172,8269,14,,http://www.amazon.com/Steel-Kiss-Lincoln-Rhyme-Novel-ebook/dp/B0112T4ZSA?tag=thenewyorktim-20,,0,Jeffery Deaver,https://static01.nyt.com/bestsellers/images/9781455536368.jpg,495,328,,nyt://book/092e6a4f-791f-5ecd-bc3d-9d596802adcf,by Jeffery Deaver,,2026-03-18T00:07:33.35Z,0,,0,,9781455536368,Grand Central,15,3,,THE STEEL KISS,2026-03-18T00:07:33.35Z,2,"[{'isbn10': '', 'isbn13': '9781455536368'}]","[{'name': 'Amazon', 'url': 'http://www.amazon.com/Steel-Kiss-Lincoln-Rhyme-Novel-ebook/dp/B0112T4ZSA?tag=thenewyorktim-20'}, {'name': 'Apple Books', 'url': 'https://goto.applebooks.apple/9781455536368?at=10lIEQ'}, {'name': 'Barnes and Noble', 'url': 'https://www.barnesandnoble.com/w/?ean=9781455536368'}, {'name': 'Books-A-Million', 'url': 'https://www.anrdoezrs.net/click-7990613-35140?url=https%3A%2F%2Fwww.booksamillion.com%2Fp%2FTHE%2BSTEEL%2BKISS%2FJeffery%2BDeaver%2F9781455536368'}, {'name': 'Bookshop.org', 'url': 'https://bookshop.org/a/3546/9781455536368'}]",2016-04-03,2016-03-19,2016-04-03,2016-03-19,"Lincoln Rhyme and his new assistant, also a paraplegic, investigate a domestic terrorist who sabotages equipment.",genre_is_not_romance,genre_is_not_romance
17,28,13,,https://www.amazon.com/dp/0593952758?tag=thenewyorktim-20,,0,Ashley Poston,https://static01.nyt.com/bestsellers/images/9780593952757.jpg,500,333,,nyt://book/ab74ea44-27f0-52ef-8501-96510e91d9b9,by Ashley Poston,,2026-06-24T16:49:39.505Z,0,,0,,9780593952757,Berkley,14,0,,THE SOMEDAY GARDEN,2026-06-24T16:49:39.505Z,1,"[{'isbn10': '', 'isbn13': '9780593952757'}]","[{'name': 'Amazon', 'url': 'https://www.amazon.com/dp/0593952758?tag=thenewyorktim-20'}, {'name': 'Apple Books', 'url': 'https://goto.applebooks.apple/9780593952757?at=10lIEQ'}, {'name': 'Barnes & Noble', 'url': 'https://barnesandnoble.sjv.io/c/197432/1961179/22009?prodsku=9780593952757&u=https%3A%2F%2Fwww.barnesandnoble.com%2Fw%2Fthe-someday-garden-ashley-poston%2F1148361621%3Fean%3D9780593952757&intsrc=APIG_15890'}, {'name': 'Books-A-Million', 'url': 'https://www.anrdoezrs.net/click-7990613-35140?url=https%3A%2F%2Fwww.booksamillion.com%2Fp%2FSomeday-Garden%2FAshley-Poston%2F9780593952757'}, {'name': 'Bookshop.org', 'url': 'https://bookshop.org/a/3546/9780593952757'}]",2026-07-05,2026-06-20,2026-07-05,2026-06-20,Sophie Drear is hired to revitalize a manor in coastal Maine and discovers a secret garden where a mysterious figure dwells.,genre_is_not_romance,genre_is_romance
1145,4784,14,,https://www.amazon.com/dp/1250119510?tag=thenewyorktim-20,,0,Barbara Delinsky,https://static01.nyt.com/bestsellers/images/9781250119506.jpg,500,329,,nyt://book/f540ef64-74af-50c5-a10c-7498ccf99004,by Barbara Delinsky,,2026-03-06T08:18:20.29Z,0,,0,,9781250119506,St. Martin's,15,0,,A WEEK AT THE SHORE,2026-03-06T08:18:20.29Z,1,"[{'isbn10': '', 'isbn13': '9781250119506'}]","[{'name': 'Amazon', 'url': 'https://www.amazon.com/dp/1250119510?tag=thenewyorktim-20'}, {'name': 'Apple Books', 'url': 'https://goto.applebooks.apple/9781250119506?at=10lIEQ'}, {'name': 'Barnes & Noble', 'url': 'https://barnesandnoble.sjv.io/c/197432/1961179/22009?prodsku=9781250119506&u=https%3A%2F%2Fwww.barnesandnoble.com%2Fw%2Fa-week-at-the-shore-barbara-delinsky%2F1132911652%3Fean%3D9781250119506&intsrc=APIG_15890'}, {'name': 'Books-A-Million', 'url': 'https://www.anrdoezrs.net/click-7990613-35140?url=https%3A%2F%2Fwww.booksamillion.com%2Fp%2FA%2BWEEK%2BAT%2BTHE%2BSHORE%2FBarbara%2BDelinsky%2F9781250119506'}, {'name': 'Bookshop.org', 'url': 'https://bookshop.org/a/3546/9781250119506'}]",2020-06-07,2020-05-23,2020-06-07,2020-05-23,"After 20 years away, Mallory Aldiss returns to her family's Rhode Island beach home.",genre_is_not_romance,genre_is_not_romance
1403,5740,10,,https://www.amazon.com/California-Girls-Susan-Mallery-ebook/dp/B07BSJ3TV2?tag=thenewyorktim-20,,0,Susan Mallery,https://static01.nyt.com/bestsellers/images/9781488088612.jpg,495,329,,nyt://book/ac1d9b4d-f9ed-5cf0-b4df-7fd3953f9e9f,by Susan Mallery,,2026-03-06T09:59:49.633Z,0,,0,,9781488088612,MIRA,11,0,,CALIFORNIA GIRLS,2026-03-06T09:59:49.633Z,1,"[{'isbn10': '', 'isbn13': '9781488088612'}]","[{'name': 'Amazon', 'url': 'https://www.amazon.com/California-Girls-Susan-Mallery-ebook/dp/B07BSJ3TV2?tag=thenewyorktim-20'}, {'name': 'Apple Books', 'url': 'https://goto.applebooks.apple/9781488088612?at=10lIEQ'}, {'name': 'Barnes & Noble', 'url': 'https://barnesandnoble.sjv.io/c/197432/1961179/22009?prodsku=9781488088612&u=https%3A%2F%2Fwww.barnesandnoble.com%2Fw%2Fcalifornia-girls-susan-mallery%2F1128296716%3Fean%3D9781488088612&intsrc=APIG_15890'}, {'name': 'Books-A-Million', 'url': 'https://www.anrdoezrs.net/click-7990613-35140?url=https%3A%2F%2Fwww.booksamillion.com%2Fp%2FCALIFORNIA%2BGIRLS%2FSusan%2BMallery%2F9781488088612'}, {'name': 'Bookshop.org', 'url': 'https://bookshop.org/a/3546/9781488088612'}]",2019-03-17,2019-03-02,2019-03-17,2019-03-02,"After getting dumped in the same week, three sisters rebuild their lives.",genre_is_not_romance,genre_is_not_romance
1945,7585,10,,https://www.amazon.com/Someone-Love-Westcott-Novel-Balogh/dp/0451477790?tag=thenewyorktim-20,,0,Mary Balogh,https://static01.nyt.com/bestsellers/images/9780451477798.jpg,495,307,,nyt://book/61bb8b32-ed50-50a2-ba3b-c0166253ef15,by Mary Balogh,,2026-03-18T00:22:01.06Z,0,,0,,9780451477798,Signet,11,0,,SOMEONE TO LOVE,2026-03-18T00:22:01.06Z,1,"[{'isbn10': '', 'isbn13': '9780451477798'}]","[{'name': 'Amazon', 'url': 'https://www.amazon.com/Someone-Love-Westcott-Novel-Balogh/dp/0451477790?tag=thenewyorktim-20'}, {'name': 'Apple Books', 'url': 'https://goto.applebooks.apple/9780451477798?at=10lIEQ'}, {'name': 'Barnes and Noble', 'url': 'https://www.barnesandnoble.com/w/?ean=9780451477798'}, {'name': 'Books-A-Million', 'url': 'https://www.anrdoezrs.net/click-7990613-35140?url=https%3A%2F%2Fwww.booksamillion.com%2Fp%2FSOMEONE%2BTO%2BLOVE%2FMary%2BBalogh%2F9780451477798'}, {'name': 'Bookshop.org', 'url': 'https://bookshop.org/a/3546/9780451477798'}]",2016-11-27,2016-11-12,2016-11-27,2016-11-12,The new Westcott series begins with the death of an earl and the revealing of his daughter from a secret marriage.,genre_is_not_romance,genre_is_not_romance
1734,6859,4,,https://www.amazon.com/Where-You-Are-Mitford-Novel/dp/0399183736?tag=thenewyorktim-20,,0,Jan Karon,https://static01.nyt.com/bestsellers/images/9780399183737.jpg,495,330,,nyt://book/11e961be-b4d4-5ea1-a172-991e7a046806,by Jan Karon,,2026-03-06T15:51:04.104Z,0,,0,,9780399183737,Putnam,5,0,,TO BE WHERE YOU ARE,2026-03-06T15:51:04.104Z,1,"[{'isbn10': '', 'isbn13': '9780399183737'}]","[{'name': 'Amazon', 'url': 'https://www.amazon.com/Where-You-Are-Mitford-Novel/dp/0399183736?tag=thenewyorktim-20'}, {'name': 'Apple Books', 'url': 'https://goto.applebooks.apple/9780399183737?at=10lIEQ'}, {'name': 'Barnes & Noble', 'url': 'https://www.barnesandnoble.com/s/TO%20BE%20WHERE%20YOU%20ARE'}, {'name': 'Books-A-Million', 'url': 'https://www.anrdoezrs.net/click-7990613-35140?url=https%3A%2F%2Fwww.booksamillion.com%2Fp%2FTO%2BBE%2BWHERE%2BYOU%2BARE%2FJan%2BKaron%2F9780399183737'}, {'name': 'Bookshop.org', 'url': 'https://bookshop.org/a/3546/9780399183737'}]",2017-10-08,2017-09-23,2017-10-08,2017-09-23,The 14th novel in the Mitford series.,genre_is_not_romance,genre_is_not_romance
2013,7773,18,,http://www.amazon.com/Depraved-Heart-Scarpetta-Novel-Series-ebook/dp/B00SRXKTBC?tag=thenewyorktim-20,,0,Patricia Cornwell,https://static01.nyt.com/bestsellers/images/9780062325426.jpg,495,329,,nyt://book/a18e3386-4ad3-5e9f-a9d8-13e61f07edd3,by Patricia Cornwell,,2026-03-18T00:17:13.249Z,0,,0,,9780062325426,Morrow/HarperCollins,19,0,,DEPRAVED HEART,2026-03-18T00:17:13.249Z,0,"[{'isbn10': '', 'isbn13': '9780062325426'}]","[{'name': 'Amazon', 'url': 'http://www.amazon.com/Depraved-Heart-Scarpetta-Novel-Series-ebook/dp/B00SRXKTBC?tag=thenewyorktim-20'}, {'name': 'Apple Books', 'url': 'https://goto.applebooks.apple/9780062325426?at=10lIEQ'}, {'name': 'Barnes and Noble', 'url': 'https://www.barnesandnoble.com/w/?ean=9780062325426'}, {'name': 'Books-A-Million', 'url': 'https://www.anrdoezrs.net/click-7990613-35140?url=https%3A%2F%2Fwww.booksamillion.com%2Fp%2FDEPRAVED%2BHEART%2FPatricia%2BCornwell%2F9780062325426'}, {'name': 'Bookshop.org', 'url': 'https://bookshop.org/a/3546/9780062325426'}]",2016-09-25,2016-09-10,2016-09-25,2016-09-10,A sociopath sends Dr. Kay Scarpetta videos from the past about her niece in the series’ 23rd book.,genre_is_not_romance,genre_is_not_romance
152,512,2,,https://www.amazon.com/dp/1335146989?tag=thenewyorktim-20,,0,Jasmine Mas,https://static01.nyt.com/bestsellers/images/9781335146984.jpg,500,318,,nyt://book/1daa5a33-0526-5b5e-b5c2-59efc13c2a6e,by Jasmine Mas,,2026-03-05T17:47:23.655Z,0,,0,,9781335146984,Canary Street,3,0,,BONDS OF HERCULES,2026-03-05T17:47:23.655Z,1,"[{'isbn10': '', 'isbn13': '9781335146984'}]","[{'name': 'Amazon', 'url': 'https://www.amazon.com/dp/1335146989?tag=thenewyorktim-20'}, {'name': 'Apple Books', 'url': 'https://goto.applebooks.apple/9781335146984?at=10lIEQ'}, {'name': 'Barnes & Noble', 'url': 'https://barnesandnoble.sjv.io/c/197432/1961179/22009?prodsku=9781335146984&u=https%3A%2F%2Fwww.barnesandnoble.com%2Fw%2Fbonds-of-hercules-jasmine-mas%2F1146294670%3Fean%3D9781335146984&intsrc=APIG_15890'}, {'name': 'Books-A-Million', 'url': 'https://www.anrdoezrs.net/click-7990613-35140?url=https%3A%2F%2Fwww.booksamillion.com%2Fp%2FBonds-Hercules-Deluxe-Limited%2FJasmine-Mas%2F9781335146984'}, {'name': 'Bookshop.org', 'url': 'https://bookshop.org/a/3546/9781335146984'}]",2025-11-16,2025-11-01,2025-11-16,2025-11-01,The second book in the Villains of Lore series. Seduction and danger put Hercules in a tough spot.,genre_is_not_romance,genre_is_not_romance
375,1313,8,,https://www.amazon.com/dp/0316539953?tag=thenewyorktim-20,,0,John Gwynne,https://static01.nyt.com/bestsellers/images/9780316539951.jpg,500,324,,nyt://book/163979f6-9ee6-581e-8a26-f03ea27903ea,by John Gwynne,,2026-03-05T23:48:47.556Z,0,,0,,9780316539951,Orbit,9,0,,THE FURY OF THE GODS,2026-03-05T23:48:47.556Z,1,"[{'isbn10': '', 'isbn13': '9780316539951'}]","[{'name': 'Amazon', 'url': 'https://www.amazon.com/dp/0316539953?tag=thenewyorktim-20'}, {'name': 'Apple Books', 'url': 'https://goto.applebooks.apple/9780316539951?at=10lIEQ'}, {'name': 'Barnes & Noble', 'url': 'https://barnesandnoble.sjv.io/c/197432/1961179/22009?prodsku=9780316539951&u=https%3A%2F%2Fwww.barnesandnoble.com%2Fw%2Fthe-fury-of-the-gods-john-gwynne%2F1144796309%3Fean%3D9780316539951&intsrc=APIG_15890'}, {'name': 'Books-A-Million', 'url': 'https://www.anrdoezrs.net/click-7990613-35140?url=https%3A%2F%2Fwww.booksamillion.com%2Fp%2FTHE%2BFURY%2BOF%2BTHE%2BGODS%2FJohn%2BGwynne%2F9780316539951'}, {'name': 'Bookshop.org', 'url': 'https://bookshop.org/a/3546/9780316539951'}]",2024-11-10,2024-10-26,2024-11-10,2024-10-26,The third book in the Bloodsworn series. The final battle in Snakavik looms.,genre_is_not_romance,genre_is_not_romance
1857,7271,11,,https://www.amazon.com/Expecting-Die-Alvarez-Pescoli-Novel/dp/1420136070?tag=thenewyorktim-20,,0,Lisa Jackson,https://static01.nyt.com/bestsellers/images/9781420136074.jpg,495,303,,nyt://book/0bedc6a7-7acd-5615-8af7-6d3d7144c6c4,by Lisa Jackson,,2026-03-06T14:24:33.419Z,0,,0,,9781420136074,Zebra,12,9,,EXPECTING TO DIE,2026-03-06T14:24:33.419Z,3,"[{'isbn10': '', 'isbn13': '9781420136074'}]","[{'name': 'Amazon', 'url': 'https://www.amazon.com/Expecting-Die-Alvarez-Pescoli-Novel/dp/1420136070?tag=thenewyorktim-20'}, {'name': 'Apple Books', 'url': 'https://goto.applebooks.apple/9781420136074?at=10lIEQ'}, {'name': 'Barnes & Noble', 'url': 'https://barnesandnoble.sjv.io/c/197432/1961179/22009?prodsku=9781420136074&u=https%3A%2F%2Fwww.barnesandnoble.com%2Fw%2Fexpecting-to-die-lisa-jackson%2F1123861201%3Fean%3D9781420136074&intsrc=APIG_15890'}, {'name': 'Books-A-Million', 'url': 'https://www.anrdoezrs.net/click-7990613-35140?url=https%3A%2F%2Fwww.booksamillion.com%2Fp%2FEXPECTING%2BTO%2BDIE%2FLisa%2BJackson%2F9781420136074'}, {'name': 'Bookshop.org', 'url': 'https://bookshop.org/a/3546/9781420136074'}]",2017-04-02,2017-03-18,2017-04-02,2017-03-18,"Alvarez and Pescoli are back, dodging a reality-TV crew while tracking a serial killer stalking the woods of a remote Montana town.",genre_is_not_romance,genre_is_not_romance
2218,8409,14,,http://www.amazon.com/Tough-Customer-Novel-Sandra-Brown/dp/1416563113?tag=thenewyorktim-20,,0,Sandra Brown,https://static01.nyt.com/bestsellers/images/9781416563228.jpg,280,185,,nyt://book/c2e76921-071b-5c37-b006-f6f12647011d,by Sandra Brown,,2026-03-09T15:51:17.882Z,0,,0,,9781416563228,Simon & Schuster,15,0,,TOUGH CUSTOMER,2026-03-09T15:51:17.882Z,1,"[{'isbn10': '', 'isbn13': '9781416563228'}]","[{'name': 'Amazon', 'url': 'http://www.amazon.com/Tough-Customer-Novel-Sandra-Brown/dp/1416563113?tag=thenewyorktim-20'}, {'name': 'Apple Books', 'url': 'https://goto.applebooks.apple/9781416563228?at=10lIEQ'}, {'name': 'Barnes & Noble', 'url': 'https://barnesandnoble.sjv.io/c/197432/1961179/22009?prodsku=9781416563228&u=https%3A%2F%2Fwww.barnesandnoble.com%2Fw%2Ftough-customer-sandra-brown%2F1019045904%3Fean%3D9781416563228&intsrc=APIG_15890'}, {'name': 'Books-A-Million', 'url': 'https://www.anrdoezrs.net/click-7990613-35140?url=https%3A%2F%2Fwww.booksamillion.com%2Fp%2FTOUGH%2BCUSTOMER%2FSandra%2BBrown%2F9781416563228'}, {'name': 'Bookshop.org', 'url': 'https://bookshop.org/a/3546/9781416563228'}]",2016-02-14,2016-01-30,2016-02-14,2016-01-30,"The private investigator Dodge Hanley heads to Texas to save a daughter he has never met, who has become the object of a stalker’s desire.",genre_is_not_romance,genre_is_not_romance
2213,8394,19,,http://www.amazon.com/February-Calendar-Girl-Book-2-ebook/dp/B013CVOGNU?tag=thenewyorktim-20,,0,Audrey Carlan,https://static01.nyt.com/bestsellers/images/A00B013CVOGNU.jpg,495,327,,nyt://book/6e1a90f1-fe51-5407-9c74-877ba996dedf,by Audrey Carlan,,2026-03-06T19:09:35.317Z,0,,0,,A00B013CVOGNU,Waterhouse,20,0,,FEBRUARY,2026-03-06T19:09:35.317Z,0,"[{'isbn10': '', 'isbn13': 'A00B013CVOGNU'}]","[{'name': 'Amazon', 'url': 'http://www.amazon.com/February-Calendar-Girl-Book-2-ebook/dp/B013CVOGNU?tag=thenewyorktim-20'}, {'name': 'Apple Books', 'url': ''}, {'name': 'Barnes and Noble', 'url': 'https://www.barnesandnoble.com/s/FEBRUARY Audrey Carlan'}, {'name': 'Books-A-Million', 'url': 'https://www.anrdoezrs.net/click-7990613-35140?url=https%3A%2F%2Fwww.booksamillion.com%2Fsearch%3Fquery%3DFEBRUARY%2BAudrey%2BCarlan'}, {'name': 'Bookshop.org', 'url': 'https://bookshop.org/books?affiliate=3546&keywords=FEBRUARY'}]",2016-02-21,2016-02-06,2016-02-21,2016-02-06,An escort becomes a French artist's muse for a month to pay off her father's gambling debts.,genre_is_romance,genre_is_romance
1132,4726,1,,https://www.amazon.com/dp/0399179623?tag=thenewyorktim-20,,0,Danielle Steel,https://static01.nyt.com/bestsellers/images/9780399179631.jpg,500,329,,nyt://book/88e726cf-2fa7-59c3-b51a-01123d7d7c6c,by Danielle Steel,,2026-03-06T08:24:19.576Z,0,,0,,9780399179631,Delacorte,2,0,,DADDY'S GIRLS,2026-03-06T08:24:19.576Z,1,"[{'isbn10': '', 'isbn13': '9780399179631'}]","[{'name': 'Amazon', 'url': 'https://www.amazon.com/dp/0399179623?tag=thenewyorktim-20'}, {'name': 'Apple Books', 'url': 'https://goto.applebooks.apple/9780399179631?at=10lIEQ'}, {'name': 'Barnes & Noble', 'url': 'https://barnesandnoble.sjv.io/c/197432/1961179/22009?prodsku=9780399179631&u=https%3A%2F%2Fwww.barnesandnoble.com%2Fw%2Fdaddys-girls-danielle-steel%2F1133745232%3Fean%3D9780399179631&intsrc=APIG_15890'}, {'name': 'Books-A-Million', 'url': 'https://www.anrdoezrs.net/click-7990613-35140?url=https%3A%2F%2Fwww.booksamillion.com%2Fp%2FDADDY%2527S%2BGIRLS%2FDanielle%2BSteel%2F9780399179631'}, {'name': 'Bookshop.org', 'url': 'https://bookshop.org/a/3546/9780399179631'}]",2020-06-28,2020-06-13,2020-06-28,2020-06-13,"After a California rancher‘s sudden death, his three daughters discover things they did not know about their father.",genre_is_not_romance,genre_is_not_romance
1593,6356,11,,https://www.amazon.com/Into-Water-Novel-Paula-Hawkins-ebook/dp/B01N590V3K?tag=thenewyorktim-20,,0,Paula Hawkins,https://static01.nyt.com/bestsellers/images/9780735211223.jpg,495,328,,nyt://book/2d0f232c-cb7c-5837-a9d6-efe366eeb444,by Paula Hawkins,,2026-03-06T12:21:42.725Z,0,,0,,9780735211223,Riverhead,12,7,,INTO THE WATER,2026-03-06T12:21:42.725Z,13,"[{'isbn10': '', 'isbn13': '9780735211223'}]","[{'name': 'Amazon', 'url': 'https://www.amazon.com/Into-Water-Novel-Paula-Hawkins-ebook/dp/B01N590V3K?tag=thenewyorktim-20'}, {'name': 'Apple Books', 'url': 'https://goto.applebooks.apple/9780735211223?at=10lIEQ'}, {'name': 'Barnes & Noble', 'url': 'https://barnesandnoble.sjv.io/c/197432/1961179/22009?prodsku=9780735211223&u=https%3A%2F%2Fwww.barnesandnoble.com%2Fw%2Finto-the-water-paula-hawkins%2F1125248053%3Fean%3D9780735211223&intsrc=APIG_15890'}, {'name': 'Books-A-Million', 'url': 'https://www.anrdoezrs.net/click-7990613-35140?url=https%3A%2F%2Fwww.booksamillion.com%2Fp%2FINTO%2BTHE%2BWATER%2FPaula%2BHawkins%2F9780735211223'}, {'name': 'Bookshop.org', 'url': 'https://bookshop.org/a/3546/9780735211223'}]",2018-06-03,2018-05-19,2018-06-03,2018-05-19,Women are found drowned in a river in a small English town.,genre_is_not_romance,genre_is_not_romance
1670,6597,12,,https://www.amazon.com/Sisters-Like-Us-Mischief-Bay-ebook/dp/B07119HN32?tag=thenewyorktim-20,,0,Susan Mallery,https://static01.nyt.com/bestsellers/images/9781488023682.jpg,495,329,,nyt://book/9cf942b3-8323-592e-85a7-c2f5c8f32ebf,by Susan Mallery,,2026-03-06T11:49:07.787Z,0,,0,,9781488023682,MIRA,13,0,,SISTERS LIKE US,2026-03-06T11:49:07.787Z,1,"[{'isbn10': '', 'isbn13': '9781488023682'}]","[{'name': 'Amazon', 'url': 'https://www.amazon.com/Sisters-Like-Us-Mischief-Bay-ebook/dp/B07119HN32?tag=thenewyorktim-20'}, {'name': 'Apple Books', 'url': 'https://goto.applebooks.apple/9781488023682?at=10lIEQ'}, {'name': 'Barnes & Noble', 'url': 'https://barnesandnoble.sjv.io/c/197432/1961179/22009?prodsku=9781488023682&u=https%3A%2F%2Fwww.barnesandnoble.com%2Fw%2Fsisters-like-us-susan-mallery%2F1126314180%3Fean%3D9781488023682&intsrc=APIG_15890'}, {'name': 'Books-A-Million', 'url': 'https://www.anrdoezrs.net/click-7990613-35140?url=https%3A%2F%2Fwww.booksamillion.com%2Fp%2FSISTERS%2BLIKE%2BUS%2FSusan%2BMallery%2F9781488023682'}, {'name': 'Bookshop.org', 'url': 'https://bookshop.org/a/3546/9781488023682'}]",2018-02-11,2018-01-27,2018-02-11,2018-01-27,A mother's high standards cast a shadow over her daughters who are dealing with divorce and pregnancy.,genre_is_not_romance,genre_is_not_romance
1709,6771,6,,https://www.amazon.com/Wilde-Love-Wildes-Lindow-Castle-ebook/dp/B01MYDK4ME?tag=thenewyorktim-20,,0,Eloisa James,https://static01.nyt.com/bestsellers/images/9780062389480.jpg,495,311,,nyt://book/8c055f68-b88d-5288-b346-f6abe6d93950,by Eloisa James,,2026-03-06T16:03:04.18Z,0,,0,,9780062389480,Avon,7,0,,WILDE IN LOVE,2026-03-06T16:03:04.18Z,1,"[{'isbn10': '', 'isbn13': '9780062389480'}]","[{'name': 'Amazon', 'url': 'https://www.amazon.com/Wilde-Love-Wildes-Lindow-Castle-ebook/dp/B01MYDK4ME?tag=thenewyorktim-20'}, {'name': 'Apple Books', 'url': 'https://goto.applebooks.apple/9780062389480?at=10lIEQ'}, {'name': 'Barnes & Noble', 'url': 'https://barnesandnoble.sjv.io/c/197432/1961179/22009?prodsku=9780062389480&u=https%3A%2F%2Fwww.barnesandnoble.com%2Fw%2Fwilde-in-love-eloisa-james%2F1125579633%3Fean%3D9780062389480&intsrc=APIG_15890'}, {'name': 'Books-A-Million', 'url': 'https://www.anrdoezrs.net/click-7990613-35140?url=https%3A%2F%2Fwww.booksamillion.com%2Fp%2FWILDE%2BIN%2BLOVE%2FEloisa%2BJames%2F9780062389480'}, {'name': 'Bookshop.org', 'url': 'https://bookshop.org/a/3546/9780062389480'}]",2017-11-19,2017-11-04,2017-11-19,2017-11-04,Lord Alaric Wilde retreats from public attention to his father's castle and encounters Miss Willa Ffynche.,genre_is_romance,genre_is_romance
349,1164,9,,https://www.amazon.com/Wicked-Movie-tie-Inspiration-Broadway/dp/0062852841?tag=thenewyorktim-20,,0,Gregory Maguire,https://static01.nyt.com/bestsellers/images/9780062852847.jpg,495,330,https://www.nytimes.com/1995/10/24/books/books-of-the-times-let-s-get-this-straight-glinda-was-the-bad-one.html,nyt://book/81706be1-64b9-5950-b16a-f417425b290b,by Gregory Maguire,,2026-03-05T19:54:38.804Z,0,,0,,9780062852847,Morrow,10,4,,WICKED,2026-03-05T19:54:38.804Z,8,"[{'isbn10': '', 'isbn13': '9780062852847'}]","[{'name': 'Amazon', 'url': 'https://www.amazon.com/Wicked-Movie-tie-Inspiration-Broadway/dp/0062852841?tag=thenewyorktim-20'}, {'name': 'Apple Books', 'url': 'https://goto.applebooks.apple/9780062852847?at=10lIEQ'}, {'name': 'Barnes & Noble', 'url': 'https://barnesandnoble.sjv.io/c/197432/1961179/22009?prodsku=9780062852847&u=https%3A%2F%2Fwww.barnesandnoble.com%2Fw%2Fwicked-movie-tie-in-gregory-maguire%2F1100594253%3Fean%3D9780062852847&intsrc=APIG_15890'}, {'name': 'Books-A-Million', 'url': 'https://www.anrdoezrs.net/click-7990613-35140?url=https%3A%2F%2Fwww.booksamillion.com%2Fp%2FWICKED%2FGregory%2BMaguire%2F9780062852847'}, {'name': 'Bookshop.org', 'url': 'https://bookshop.org/a/3546/9780062852847'}]",2025-01-19,2025-01-04,2025-01-19,2025-01-04,A misunderstood girl named Elphaba is declared a witch; the basis of the musical and the film.,genre_is_not_romance,genre_is_not_romance
1281,5348,8,,https://www.amazon.com/Hot-Shot-Sisterhood-Fern-Michaels/dp/1420146025?tag=thenewyorktim-20,,0,Fern Michaels,https://static01.nyt.com/bestsellers/images/9781420146028.jpg,495,296,,nyt://book/7890253c-9c28-5034-93b7-307af7c4ca47,by Fern Michaels,,2026-03-06T10:57:41.503Z,0,,0,,9781420146028,Zebra,9,0,,HOT SHOT,2026-03-06T10:57:41.503Z,1,"[{'isbn10': '', 'isbn13': '9781420146028'}]","[{'name': 'Amazon', 'url': 'https://www.amazon.com/Hot-Shot-Sisterhood-Fern-Michaels/dp/1420146025?tag=thenewyorktim-20'}, {'name': 'Apple Books', 'url': 'https://goto.applebooks.apple/9781420146028?at=10lIEQ'}, {'name': 'Barnes & Noble', 'url': 'https://barnesandnoble.sjv.io/c/197432/1961179/22009?prodsku=9781420146028&u=https%3A%2F%2Fwww.barnesandnoble.com%2Fw%2Fhot-shot-fern-michaels%2F1129963553%3Fean%3D9781420146028&intsrc=APIG_15890'}, {'name': 'Books-A-Million', 'url': 'https://www.anrdoezrs.net/click-7990613-35140?url=https%3A%2F%2Fwww.booksamillion.com%2Fp%2FHOT%2BSHOT%2FFern%2BMichaels%2F9781420146028'}, {'name': 'Bookshop.org', 'url': 'https://bookshop.org/a/3546/9781420146028'}]",2019-09-15,2019-08-31,2019-09-15,2019-08-31,The fifth book in the Men of the Sisterhood series. Trouble erupts when a community for seniors is built on a rival gang's old stomping ground.,genre_is_not_romance,genre_is_not_romance
408,1449,9,,https://www.amazon.com/dp/0593717945?tag=thenewyorktim-20,,0,M.P. Woodward,https://static01.nyt.com/bestsellers/images/9780593717950.jpg,500,332,,nyt://book/b2a7b370-9695-5400-b0d7-a6f2e27597c4,by M.P. Woodward,,2026-03-05T23:55:30.588Z,0,,0,,9780593717950,Putnam,10,0,,TOM CLANCY: SHADOW STATE,2026-03-05T23:55:30.588Z,1,"[{'isbn10': '', 'isbn13': '9780593717950'}]","[{'name': 'Amazon', 'url': 'https://www.amazon.com/dp/0593717945?tag=thenewyorktim-20'}, {'name': 'Apple Books', 'url': 'https://goto.applebooks.apple/9780593717950?at=10lIEQ'}, {'name': 'Barnes & Noble', 'url': 'https://barnesandnoble.sjv.io/c/197432/1961179/22009?prodsku=9780593717950&u=https%3A%2F%2Fwww.barnesandnoble.com%2Fw%2Ftom-clancy-shadow-state-mp-woodward%2F1144364329%3Fean%3D9780593717950&intsrc=APIG_15890'}, {'name': 'Books-A-Million', 'url': 'https://www.anrdoezrs.net/click-7990613-35140?url=https%3A%2F%2Fwww.booksamillion.com%2Fp%2FTOM%2BCLANCY%253A%2BSHADOW%2BSTATE%2FM.P.%2BWoodward%2F9780593717950'}, {'name': 'Bookshop.org', 'url': 'https://bookshop.org/a/3546/9780593717950'}]",2024-09-08,2024-08-24,2024-09-08,2024-08-24,The 12th book in the Jack Ryan Jr. series. Jack uncovers dangers in Vietnam.,genre_is_not_romance,genre_is_not_romance
356,1213,13,,https://www.amazon.com/dp/1538757907?tag=thenewyorktim-20,,0,David Baldacci,https://static01.nyt.com/bestsellers/images/9781538757901.jpg,500,331,,nyt://book/77d78244-71a9-50a4-b35b-9f2a4eda48e5,by David Baldacci,,2026-03-05T19:56:30.767Z,0,,0,,9781538757901,Grand Central,14,9,,TO DIE FOR,2026-03-05T19:56:30.767Z,5,"[{'isbn10': '', 'isbn13': '9781538757901'}]","[{'name': 'Amazon', 'url': 'https://www.amazon.com/dp/1538757907?tag=thenewyorktim-20'}, {'name': 'Apple Books', 'url': 'https://goto.applebooks.apple/9781538757901?at=10lIEQ'}, {'name': 'Barnes & Noble', 'url': 'https://barnesandnoble.sjv.io/c/197432/1961179/22009?prodsku=9781538757901&u=https%3A%2F%2Fwww.barnesandnoble.com%2Fw%2Fto-die-for-david-baldacci%2F1145642814%3Fean%3D9781538757901&intsrc=APIG_15890'}, {'name': 'Books-A-Million', 'url': 'https://www.anrdoezrs.net/click-7990613-35140?url=https%3A%2F%2Fwww.booksamillion.com%2Fp%2FTO%2BDIE%2BFOR%2FDavid%2BBaldacci%2F9781538757901'}, {'name': 'Bookshop.org', 'url': 'https://bookshop.org/a/3546/9781538757901'}]",2024-12-29,2024-12-14,2024-12-29,2024-12-14,The third book in the 6:20 Man series. Devine digs into the deaths of an orphan’s parents and uncovers a large conspiracy.,genre_is_not_romance,genre_is_not_romance
1002,4244,14,,https://www.amazon.com/dp/0062353780?tag=thenewyorktim-20,,0,Julia Quinn,https://static01.nyt.com/bestsellers/images/9780062424136.jpg,500,309,,nyt://book/0890e34e-610d-5872-8407-514cd1df7618,by Julia Quinn,,2026-03-06T06:06:05.374Z,0,,0,,9780062424136,Avon,15,0,,WHEN HE WAS WICKED,2026-03-06T06:06:05.374Z,1,"[{'isbn10': '', 'isbn13': '9780062424136'}]","[{'name': 'Amazon', 'url': 'https://www.amazon.com/dp/0062353780?tag=thenewyorktim-20'}, {'name': 'Apple Books', 'url': 'https://goto.applebooks.apple/9780062424136?at=10lIEQ'}, {'name': 'Barnes & Noble', 'url': 'https://barnesandnoble.sjv.io/c/197432/1961179/22009?prodsku=9780062424136&u=https%3A%2F%2Fwww.barnesandnoble.com%2Fw%2Fwhen-he-was-wicked-julia-quinn%2F1013884562%3Fean%3D9780062424136&intsrc=APIG_15890'}, {'name': 'Books-A-Million', 'url': 'https://www.anrdoezrs.net/click-7990613-35140?url=https%3A%2F%2Fwww.booksamillion.com%2Fp%2FWHEN%2BHE%2BWAS%2BWICKED%2FJulia%2BQuinn%2F9780062424136'}, {'name': 'Bookshop.org', 'url': 'https://bookshop.org/a/3546/9780062424136'}]",2021-02-14,2021-01-30,2021-02-14,2021-01-30,The sixth book in the Bridgerton series. Will things between Francesca Bridgerton and Michael Stirling grow into something more or will she marry his cousin?,genre_is_romance,genre_is_romance
380,1338,3,,https://www.amazon.com/dp/1538770385?tag=thenewyorktim-20,,0,Patricia Cornwell,https://storage.googleapis.com/du-prd/books/images/9781538770382.jpg,500,331,,nyt://book/d1439697-e4aa-53d7-9e15-0e50d88c513c,by Patricia Cornwell,,2026-03-06T03:08:14.964Z,0,,0,,9781538770412,Grand Central,4,0,,IDENTITY UNKNOWN,2026-03-06T03:08:14.964Z,1,"[{'isbn10': '', 'isbn13': '9781538770412'}]","[{'name': 'Amazon', 'url': 'https://www.amazon.com/dp/1538770385?tag=thenewyorktim-20'}, {'name': 'Apple Books', 'url': 'https://goto.applebooks.apple/9781538770382?at=10lIEQ'}, {'name': 'Barnes & Noble', 'url': 'https://barnesandnoble.sjv.io/c/197432/1961179/22009?prodsku=9781538770412&u=https%3A%2F%2Fwww.barnesandnoble.com%2Fw%2Fidentity-unknown-patricia-cornwell%2F1144547370%3Fean%3D9781538770412&intsrc=APIG_15890'}, {'name': 'Books-A-Million', 'url': 'https://www.anrdoezrs.net/click-7990613-35140?url=https%3A%2F%2Fwww.booksamillion.com%2Fp%2FIDENTITY%2BUNKNOWN%2FPatricia%2BCornwell%2F9781538770382'}, {'name': 'Bookshop.org', 'url': 'https://bookshop.org/a/3546/9781538770382'}]",2024-10-27,2024-10-12,2024-10-27,2024-10-12,The 28th book in the Kay Scarpetta Series. Scarpetta investigates the death of a former lover.,genre_is_not_romance,genre_is_not_romance
119,354,9,,https://www.amazon.com/dp/0593834453?tag=thenewyorktim-20,,0,Ashley Elston,https://static01.nyt.com/bestsellers/images/9780593834459.jpg,500,331,,nyt://book/e6e85202-30aa-58f6-9d18-fcd58d5a91b7,by Ashley Elston,,2026-03-04T18:51:12.183Z,0,,0,,9780593834459,Pamela Dorman,10,0,,ANATOMY OF AN ALIBI,2026-03-04T18:51:12.183Z,1,"[{'isbn10': '', 'isbn13': '9780593834459'}]","[{'name': 'Amazon', 'url': 'https://www.amazon.com/dp/0593834453?tag=thenewyorktim-20'}, {'name': 'Apple Books', 'url': 'https://goto.applebooks.apple/9780593834459?at=10lIEQ'}, {'name': 'Barnes & Noble', 'url': 'https://barnesandnoble.sjv.io/c/197432/1961179/22009?prodsku=9780593834459&u=https%3A%2F%2Fwww.barnesandnoble.com%2Fw%2Fanatomy-of-an-alibi-ashley-elston%2F1148052287%3Fean%3D9780593834459&intsrc=APIG_15890'}, {'name': 'Books-A-Million', 'url': 'https://www.anrdoezrs.net/click-7990613-35140?url=https%3A%2F%2Fwww.booksamillion.com%2Fp%2FAnatomy-Alibi%2FAshley-Elston%2F9780593834459'}, {'name': 'Bookshop.org', 'url': 'https://bookshop.org/a/3546/9780593834459'}]",2026-02-01,2026-01-17,2026-02-01,2026-01-17,"Two women enact a plan to uncover truths a man may have been hiding, but things go awry when he is found murdered.",genre_is_not_romance,genre_is_not_romance
16,27,12,,https://www.amazon.com/dp/0063204169?tag=thenewyorktim-20,,0,Shelby Van Pelt,https://static01.nyt.com/bestsellers/images/9780063204164.jpg,500,332,,nyt://book/ce4e806c-f51e-588d-886f-95a3b2678e7c,by Shelby Van Pelt,,2026-05-20T22:38:49.21Z,0,,0,,9780063204164,Ecco,13,0,,REMARKABLY BRIGHT CREATURES,2026-05-20T22:38:49.21Z,26,"[{'isbn10': '', 'isbn13': '9780063204164'}]","[{'name': 'Amazon', 'url': 'https://www.amazon.com/dp/0063204169?tag=thenewyorktim-20'}, {'name': 'Apple Books', 'url': 'https://goto.applebooks.apple/9780063204164?at=10lIEQ'}, {'name': 'Barnes & Noble', 'url': 'https://barnesandnoble.sjv.io/c/197432/1961179/22009?prodsku=9780063204164&u=https%3A%2F%2Fwww.barnesandnoble.com%2Fw%2Fremarkably-bright-creatures-shelby-van-pelt%2F1139955287%3Fean%3D9780063204164&intsrc=APIG_15890'}, {'name': 'Books-A-Million', 'url': 'https://www.anrdoezrs.net/click-7990613-35140?url=https%3A%2F%2Fwww.booksamillion.com%2Fp%2FRemarkably-Bright-Creatures%2FShelby-Van-Pelt%2F9780063204164'}, {'name': 'Bookshop.org', 'url': 'https://bookshop.org/a/3546/9780063204164'}]",2026-07-05,2026-06-20,2026-07-05,2026-06-20,A widow working the night shift at the Sowell Bay Aquarium is aided in solving a mystery by a giant Pacific octopus living there; the basis of the movie.,genre_is_not_romance,genre_is_not_romance
942,4042,7,,https://www.amazon.com/dp/059308702X?tag=thenewyorktim-20,,0,John Sandford,https://static01.nyt.com/bestsellers/images/9780593087039.jpg,500,331,,nyt://book/c1913225-3db9-5d7a-a8b9-daaaedeb929f,by John Sandford,,2026-03-06T06:25:21.83Z,0,,0,,9780593087039,Putnam,8,2,,OCEAN PREY,2026-03-06T06:25:21.83Z,3,"[{'isbn10': '', 'isbn13': '9780593087039'}]","[{'name': 'Amazon', 'url': 'https://www.amazon.com/dp/059308702X?tag=thenewyorktim-20'}, {'name': 'Apple Books', 'url': 'https://goto.applebooks.apple/9780593087039?at=10lIEQ'}, {'name': 'Barnes & Noble', 'url': 'https://barnesandnoble.sjv.io/c/197432/1961179/22009?prodsku=9780593087039&u=https%3A%2F%2Fwww.barnesandnoble.com%2Fw%2Focean-prey-john-sandford%2F1137397242%3Fean%3D9780593087039&intsrc=APIG_15890'}, {'name': 'Books-A-Million', 'url': 'https://www.anrdoezrs.net/click-7990613-35140?url=https%3A%2F%2Fwww.booksamillion.com%2Fp%2FOCEAN%2BPREY%2FJohn%2BSandford%2F9780593087039'}, {'name': 'Bookshop.org', 'url': 'https://bookshop.org/a/3546/9780593087039'}]",2021-05-16,2021-05-01,2021-05-16,2021-05-01,"The 31st book in the Prey series. When federal officers are killed, Lucas Davenport and Virgil Flowers team up to investigate matters.",genre_is_not_romance,genre_is_not_romance
2085,8030,15,,http://www.amazon.com/Marrying-Winterborne-Lisa-Kleypas/dp/0062371851?tag=thenewyorktim-20,,0,Lisa Kleypas,https://static01.nyt.com/bestsellers/images/9780062371850.jpg,495,307,,nyt://book/fbc49699-ac0e-5967-9c68-ba9e5258b3b9,by Lisa Kleypas,,2026-03-18T00:12:37.396Z,0,,0,,9780062371850,Avon,16,0,,MARRYING WINTERBORNE,2026-03-18T00:12:37.396Z,0,"[{'isbn10': '', 'isbn13': '9780062371850'}]","[{'name': 'Amazon', 'url': 'http://www.amazon.com/Marrying-Winterborne-Lisa-Kleypas/dp/0062371851?tag=thenewyorktim-20'}, {'name': 'Apple Books', 'url': 'https://goto.applebooks.apple/9780062371850?at=10lIEQ'}, {'name': 'Barnes and Noble', 'url': 'https://www.barnesandnoble.com/w/?ean=9780062371850'}, {'name': 'Books-A-Million', 'url': 'https://www.anrdoezrs.net/click-7990613-35140?url=https%3A%2F%2Fwww.booksamillion.com%2Fp%2FMARRYING%2BWINTERBORNE%2FLisa%2BKleypas%2F9780062371850'}, {'name': 'Bookshop.org', 'url': 'https://bookshop.org/a/3546/9780062371850'}]",2016-06-26,2016-06-11,2016-06-26,2016-06-11,"The marriage of a cunning London tycoon to a shy, beautiful woman invites a conspiracy against them and the revelation of a dark secret.",genre_is_not_romance,genre_is_romance
1930,7527,12,,https://www.amazon.com/Flame-Bearer-Saxon-Tales-Book-ebook/dp/B01CNK63N2?tag=thenewyorktim-20,,0,Bernard Cornwell,https://static01.nyt.com/bestsellers/images/9780062250827.jpg,495,328,,nyt://book/6361884c-fb45-5aa3-8701-d0f96fcdcb5e,by Bernard Cornwell,,2026-03-18T00:22:16.713Z,0,,0,,9780062250827,Harper,13,0,,THE FLAME BEARER,2026-03-18T00:22:16.713Z,1,"[{'isbn10': '', 'isbn13': '9780062250827'}]","[{'name': 'Amazon', 'url': 'https://www.amazon.com/Flame-Bearer-Saxon-Tales-Book-ebook/dp/B01CNK63N2?tag=thenewyorktim-20'}, {'name': 'Apple Books', 'url': 'https://goto.applebooks.apple/9780062250827?at=10lIEQ'}, {'name': 'Barnes and Noble', 'url': 'https://www.barnesandnoble.com/w/?ean=9780062250827'}, {'name': 'Books-A-Million', 'url': 'https://www.anrdoezrs.net/click-7990613-35140?url=https%3A%2F%2Fwww.booksamillion.com%2Fp%2FTHE%2BFLAME%2BBEARER%2FBernard%2BCornwell%2F9780062250827'}, {'name': 'Bookshop.org', 'url': 'https://bookshop.org/a/3546/9780062250827'}]",2016-12-18,2016-12-03,2016-12-18,2016-12-03,"With Britain in the grip of an uneasy peace, Uhtred of Bebbanburg steps up to claim his birthright.",genre_is_not_romance,genre_is_not_romance
1328,5504,14,,https://www.amazon.com/Past-Tense-Jack-Reacher-Novel/dp/0399593519?tag=thenewyorktim-20,,0,Lee Child,https://static01.nyt.com/bestsellers/images/9780399593536.jpg,495,320,,nyt://book/4dc3aac3-a69d-5127-80e3-457a54d4d2fc,by Lee Child,,2026-03-06T10:22:32.753Z,0,,0,,9780399593536,Bantam/Dell,15,13,,PAST TENSE,2026-03-06T10:22:32.753Z,16,"[{'isbn10': '', 'isbn13': '9780399593536'}]","[{'name': 'Amazon', 'url': 'https://www.amazon.com/Past-Tense-Jack-Reacher-Novel/dp/0399593519?tag=thenewyorktim-20'}, {'name': 'Apple Books', 'url': 'https://goto.applebooks.apple/9780399593536?at=10lIEQ'}, {'name': 'Barnes & Noble', 'url': 'https://barnesandnoble.sjv.io/c/197432/1961179/22009?prodsku=9780399593536&u=https%3A%2F%2Fwww.barnesandnoble.com%2Fw%2Fpast-tense-lee-child%2F1129066008%3Fean%3D9780399593536&intsrc=APIG_15890'}, {'name': 'Books-A-Million', 'url': 'https://www.anrdoezrs.net/click-7990613-35140?url=https%3A%2F%2Fwww.booksamillion.com%2Fp%2FPAST%2BTENSE%2FLee%2BChild%2F9780399593536'}, {'name': 'Bookshop.org', 'url': 'https://bookshop.org/a/3546/9780399593536'}]",2019-07-07,2019-06-22,2019-07-07,2019-06-22,Jack Reacher explores the New England town where his father was born and a Canadian couple now find themselves stranded.,genre_is_not_romance,genre_is_not_romance
2030,7832,17,,http://www.amazon.com/Black-Widow-Gabriel-Allon-Book-ebook/dp/B016UE6KTO?tag=thenewyorktim-20,,0,Daniel Silva,https://static01.nyt.com/bestsellers/images/9780062320247.jpg,495,328,,nyt://book/d0a3d07f-3220-5f85-9f1f-5870858ea6d4,by Daniel Silva,,2026-03-18T00:22:09.517Z,0,,0,,9780062320247,Harper,18,0,,THE BLACK WIDOW,2026-03-18T00:22:09.517Z,0,"[{'isbn10': '', 'isbn13': '9780062320247'}]","[{'name': 'Amazon', 'url': 'http://www.amazon.com/Black-Widow-Gabriel-Allon-Book-ebook/dp/B016UE6KTO?tag=thenewyorktim-20'}, {'name': 'Apple Books', 'url': 'https://goto.applebooks.apple/9780062320247?at=10lIEQ'}, {'name': 'Barnes and Noble', 'url': 'https://www.barnesandnoble.com/w/?ean=9780062320247'}, {'name': 'Books-A-Million', 'url': 'https://www.anrdoezrs.net/click-7990613-35140?url=https%3A%2F%2Fwww.booksamillion.com%2Fp%2FTHE%2BBLACK%2BWIDOW%2FDaniel%2BSilva%2F9780062320247'}, {'name': 'Bookshop.org', 'url': 'https://bookshop.org/a/3546/9780062320247'}]",2016-09-04,2016-08-20,2016-09-04,2016-08-20,"Gabriel Allon, the Israeli art restorer and spy, recruits a doctor from Jerusalem to help capture a secret ISIS terrorist in France.",genre_is_not_romance,genre_is_not_romance
1631,6464,14,,http://www.amazon.com/Red-Sparrow-Novel-Jason-Matthews/dp/1476706123?tag=thenewyorktim-20,,0,Jason Matthews,https://static01.nyt.com/bestsellers/images/9781476706146.jpg,495,330,,nyt://book/0c964e73-0fbd-5548-9050-cb3bda29dff4,by Jason Matthews,,2026-03-06T11:53:31.006Z,0,,0,,9781476706146,Scribner,15,11,https://www.nytimes.com/2013/06/02/books/review/red-sparrow-by-jason-matthews.html,RED SPARROW,2026-03-06T11:53:31.006Z,6,"[{'isbn10': '', 'isbn13': '9781476706146'}]","[{'name': 'Amazon', 'url': 'http://www.amazon.com/Red-Sparrow-Novel-Jason-Matthews/dp/1476706123?tag=thenewyorktim-20'}, {'name': 'Apple Books', 'url': 'https://goto.applebooks.apple/9781476706146?at=10lIEQ'}, {'name': 'Barnes & Noble', 'url': 'https://barnesandnoble.sjv.io/c/197432/1961179/22009?prodsku=9781476706146&u=https%3A%2F%2Fwww.barnesandnoble.com%2Fw%2Fred-sparrow-jason-matthews%2F1112672599%3Fean%3D9781476706146&intsrc=APIG_15890'}, {'name': 'Books-A-Million', 'url': 'https://www.anrdoezrs.net/click-7990613-35140?url=https%3A%2F%2Fwww.booksamillion.com%2Fp%2FRED%2BSPARROW%2FJason%2BMatthews%2F9781476706146'}, {'name': 'Bookshop.org', 'url': 'https://bookshop.org/a/3546/9781476706146'}]",2018-04-15,2018-03-31,2018-04-15,2018-03-31,A Russian intelligence officer trained in the art of seduction becomes entangled with a young C.I.A. officer.,genre_is_not_romance,genre_is_not_romance
391,1381,1,,https://www.amazon.com/dp/059365322X?tag=thenewyorktim-20,,0,Richard Osman,https://static01.nyt.com/bestsellers/images/9780593653234.jpg,500,331,,nyt://book/c8529f4c-0038-5e9e-9ffb-8d4b83a07643,by Richard Osman,,2026-03-05T20:20:08.605Z,0,,0,,9780593653234,Pamela Dorman,2,0,,WE SOLVE MURDERS,2026-03-05T20:20:08.605Z,1,"[{'isbn10': '', 'isbn13': '9780593653234'}]","[{'name': 'Amazon', 'url': 'https://www.amazon.com/dp/059365322X?tag=thenewyorktim-20'}, {'name': 'Apple Books', 'url': 'https://goto.applebooks.apple/9780593653234?at=10lIEQ'}, {'name': 'Barnes & Noble', 'url': 'https://barnesandnoble.sjv.io/c/197432/1961179/22009?prodsku=9780593653234&u=https%3A%2F%2Fwww.barnesandnoble.com%2Fw%2Fwe-solve-murders-richard-osman%2F1144911855%3Fean%3D9780593653234&intsrc=APIG_15890'}, {'name': 'Books-A-Million', 'url': 'https://www.anrdoezrs.net/click-7990613-35140?url=https%3A%2F%2Fwww.booksamillion.com%2Fp%2FWE%2BSOLVE%2BMURDERS%2FRichard%2BOsman%2F9780593653234'}, {'name': 'Bookshop.org', 'url': 'https://bookshop.org/a/3546/9780593653234'}]",2024-10-06,2024-09-21,2024-10-06,2024-09-21,"When a dead body and a bag of money turn up on a remote island, Amy Wheeler reaches out to her retired father-in-law to help investigate.",genre_is_not_romance,genre_is_not_romance
28,76,1,,https://www.amazon.com/dp/B0G1M3RCVT?tag=thenewyorktim-20,,0,Michael Connelly,https://static01.nyt.com/bestsellers/images/9780316595391.jpg,500,331,,nyt://book/c1161c10-8701-5f1f-af9e-c21be3102f7c,by Michael Connelly,,2026-05-27T22:36:37.789Z,0,,0,,9780316595391,"Little, Brown",2,0,,IRONWOOD,2026-05-27T22:36:37.789Z,1,"[{'isbn10': '', 'isbn13': '9780316595391'}]","[{'name': 'Amazon', 'url': 'https://www.amazon.com/dp/B0G1M3RCVT?tag=thenewyorktim-20'}, {'name': 'Apple Books', 'url': 'https://goto.applebooks.apple/9780316595391?at=10lIEQ'}, {'name': 'Barnes & Noble', 'url': 'https://barnesandnoble.sjv.io/c/197432/1961179/22009?prodsku=9780316595391&u=https%3A%2F%2Fwww.barnesandnoble.com%2Fw%2Fironwood-michael-connelly%2F1148712683%3Fean%3D9780316595391&intsrc=APIG_15890'}, {'name': 'Books-A-Million', 'url': 'https://www.anrdoezrs.net/click-7990613-35140?url=https%3A%2F%2Fwww.booksamillion.com%2Fp%2FIronwood%2FMichael-Connelly%2F9780316595384'}, {'name': 'Bookshop.org', 'url': 'https://bookshop.org/a/3546/9780316595391'}]",2026-06-07,2026-05-23,2026-06-07,2026-05-23,The second book in the Catalina series. A deadly drug drop and a missing person case fuel Stillwell’s sense of duty.,genre_is_not_romance,genre_is_not_romance
791,3356,11,,https://www.amazon.com/dp/0062892401?tag=thenewyorktim-20,,0,Brad Meltzer,https://static01.nyt.com/bestsellers/images/9780062892409.jpg,500,333,,nyt://book/2ef5de4a-9f38-5bf9-8dbb-c437d5461522,by Brad Meltzer,,2026-03-06T04:53:49.495Z,0,,0,,9780062892409,Morrow,12,9,,THE LIGHTNING ROD,2026-03-06T04:53:49.495Z,2,"[{'isbn10': '', 'isbn13': '9780062892409'}]","[{'name': 'Amazon', 'url': 'https://www.amazon.com/dp/0062892401?tag=thenewyorktim-20'}, {'name': 'Apple Books', 'url': 'https://goto.applebooks.apple/9780062892409?at=10lIEQ'}, {'name': 'Barnes & Noble', 'url': 'https://www.barnesandnoble.com/s/THE%20LIGHTNING%20ROD'}, {'name': 'Books-A-Million', 'url': 'https://www.anrdoezrs.net/click-7990613-35140?url=https%3A%2F%2Fwww.booksamillion.com%2Fp%2FTHE%2BLIGHTNING%2BROD%2FBrad%2BMeltzer%2F9780062892409'}, {'name': 'Bookshop.org', 'url': 'https://bookshop.org/a/3546/9780062892409'}]",2022-04-03,2022-03-19,2022-04-03,2022-03-19,The second book in the Escape Artist series. Zig stumbles upon a hidden group that threatens America's safety and security.,genre_is_not_romance,genre_is_not_romance
1956,7609,14,,https://www.amazon.com/Killer-Chef-BookShots-James-Patterson-ebook/dp/B01DASC6CS?tag=thenewyorktim-20,,0,James Patterson and Jeffrey J. Keyes,https://static01.nyt.com/bestsellers/images/9780316361538.jpg,467,330,,nyt://book/7cca2b00-bcaa-52f1-8866-aa907c6b83b2,by James Patterson and Jeffrey J. Keyes,,2026-03-18T00:20:34.859Z,0,,0,,9780316361538,"Little, Brown",15,0,,KILLER CHEF,2026-03-18T00:20:34.859Z,1,"[{'isbn10': '', 'isbn13': '9780316361538'}]","[{'name': 'Amazon', 'url': 'https://www.amazon.com/Killer-Chef-BookShots-James-Patterson-ebook/dp/B01DASC6CS?tag=thenewyorktim-20'}, {'name': 'Apple Books', 'url': 'https://goto.applebooks.apple/9780316361538?at=10lIEQ'}, {'name': 'Barnes and Noble', 'url': 'https://www.barnesandnoble.com/w/?ean=9780316361538'}, {'name': 'Books-A-Million', 'url': 'https://www.anrdoezrs.net/click-7990613-35140?url=https%3A%2F%2Fwww.booksamillion.com%2Fp%2FKILLER%2BCHEF%2FJames%2BPatterson%2Band%2BJeffrey%2BJ%2BKeyes%2F9780316361538'}, {'name': 'Bookshop.org', 'url': 'https://bookshop.org/a/3546/9780316361538'}]",2016-11-20,2016-11-05,2016-11-20,2016-11-05,Who's poisoning diners in New Orleans' swankiest restaurants?,genre_is_not_romance,genre_is_not_romance
1894,7383,3,,https://www.amazon.com/Feversong-Fever-Karen-Marie-Moning-ebook/dp/B01D7CJ43G?tag=thenewyorktim-20,,0,Karen Marie Moning,https://static01.nyt.com/bestsellers/images/9780425284360.jpg,495,329,,nyt://book/162324d5-dd86-59ed-a9b0-474a15e44fbc,by Karen Marie Moning,,2026-03-06T13:54:53.838Z,0,,0,,9780425284360,Delacorte,4,0,,FEVERSONG,2026-03-06T13:54:53.838Z,1,"[{'isbn10': '', 'isbn13': '9780425284360'}]","[{'name': 'Amazon', 'url': 'https://www.amazon.com/Feversong-Fever-Karen-Marie-Moning-ebook/dp/B01D7CJ43G?tag=thenewyorktim-20'}, {'name': 'Apple Books', 'url': 'https://goto.applebooks.apple/9780425284360?at=10lIEQ'}, {'name': 'Barnes & Noble', 'url': 'https://barnesandnoble.sjv.io/c/197432/1961179/22009?prodsku=9780425284360&u=https%3A%2F%2Fwww.barnesandnoble.com%2Fw%2Ffeversong-karen-marie-moning%2F1123894340%3Fean%3D9780425284360&intsrc=APIG_15890'}, {'name': 'Books-A-Million', 'url': 'https://www.anrdoezrs.net/click-7990613-35140?url=https%3A%2F%2Fwww.booksamillion.com%2Fp%2FFEVERSONG%2FKaren%2BMarie%2BMoning%2F9780425284360'}, {'name': 'Bookshop.org', 'url': 'https://bookshop.org/a/3546/9780425284360'}]",2017-02-05,2017-01-21,2017-02-05,2017-01-21,A group of superhuman beings fight to save Dublin (and humanity); the conclusion of the Fever series.,genre_is_not_romance,genre_is_not_romance
508,1917,12,,http://www.amazon.com/A-Little-Life-Hanya-Yanagihara/dp/0804172706?tag=thenewyorktim-20,,0,Hanya Yanagihara,https://static01.nyt.com/bestsellers/images/9780804172707.jpg,495,321,,nyt://book/5c28b6a8-6cf9-5e31-843d-5b2ef229d070,by Hanya Yanagihara,,2026-03-18T00:10:39.222Z,0,,0,,9780804172707,Anchor,13,0,https://www.nytimes.com/2015/04/05/books/review/hanya-yanagiharas-a-little-life.html,A LITTLE LIFE,2026-03-18T00:10:39.222Z,4,"[{'isbn10': '', 'isbn13': '9780804172707'}]","[{'name': 'Amazon', 'url': 'http://www.amazon.com/A-Little-Life-Hanya-Yanagihara/dp/0804172706?tag=thenewyorktim-20'}, {'name': 'Apple Books', 'url': 'https://goto.applebooks.apple/9780804172707?at=10lIEQ'}, {'name': 'Barnes and Noble', 'url': 'https://www.barnesandnoble.com/w/?ean=9780804172707'}, {'name': 'Books-A-Million', 'url': 'https://www.anrdoezrs.net/click-7990613-35140?url=https%3A%2F%2Fwww.booksamillion.com%2Fp%2FA%2BLITTLE%2BLIFE%2FHanya%2BYanagihara%2F9780804172707'}, {'name': 'Bookshop.org', 'url': 'https://bookshop.org/a/3546/9780804172707'}]",2024-02-04,2024-01-20,2024-02-04,2024-01-20,"Four college friends, one with a traumatic past, move to New York seeking fame and fortune.",genre_is_not_romance,genre_is_not_romance
1902,7410,15,,http://www.amazon.com/Apprentice-Death-J-D-Robb/dp/1101987979?tag=thenewyorktim-20,,0,J. D. Robb,https://static01.nyt.com/bestsellers/images/9781101987995.jpg,491,330,,nyt://book/5069d54a-0459-5c72-8f26-9b0a57987f1a,by J. D. Robb,,2026-03-18T00:25:36.883Z,0,,0,,9781101987995,Berkley,16,0,,APPRENTICE IN DEATH,2026-03-18T00:25:36.883Z,0,"[{'isbn10': '', 'isbn13': '9781101987995'}]","[{'name': 'Amazon', 'url': 'http://www.amazon.com/Apprentice-Death-J-D-Robb/dp/1101987979?tag=thenewyorktim-20'}, {'name': 'Apple Books', 'url': 'https://goto.applebooks.apple/9781101987995?at=10lIEQ'}, {'name': 'Barnes and Noble', 'url': 'https://www.barnesandnoble.com/w/?ean=9781101987995'}, {'name': 'Books-A-Million', 'url': 'https://www.anrdoezrs.net/click-7990613-35140?url=https%3A%2F%2Fwww.booksamillion.com%2Fp%2FAPPRENTICE%2BIN%2BDEATH%2FJ%2BD%2BRobb%2F9781101987995'}, {'name': 'Bookshop.org', 'url': 'https://bookshop.org/a/3546/9781101987995'}]",2017-01-29,2017-01-14,2017-01-29,2017-01-14,"Lt. Eve Dallas of the N.Y.P.D. is on the case when three skaters are shot by a sniper. By Nora Roberts, writing pseudonymously.",genre_is_not_romance,genre_is_not_romance
1771,6984,9,,https://www.amazon.com/Moores-Are-Missing-Bookshots/dp/1478971630?tag=thenewyorktim-20,,0,James Patterson and others,https://static01.nyt.com/bestsellers/images/9781478971634.jpg,495,276,,nyt://book/fd54786f-383d-570e-8af3-8f6a8bfc90d7,by James Patterson and others,,2026-03-06T15:31:57.122Z,0,,0,,9781478971634,Grand Central,10,0,,THE MOORES ARE MISSING,2026-03-06T15:31:57.122Z,1,"[{'isbn10': '', 'isbn13': '9781478971634'}]","[{'name': 'Amazon', 'url': 'https://www.amazon.com/Moores-Are-Missing-Bookshots/dp/1478971630?tag=thenewyorktim-20'}, {'name': 'Apple Books', 'url': 'https://goto.applebooks.apple/9781478971634?at=10lIEQ'}, {'name': 'Barnes & Noble', 'url': 'https://barnesandnoble.sjv.io/c/197432/1961179/22009?prodsku=9781478971634&u=https%3A%2F%2Fwww.barnesandnoble.com%2Fw%2Fthe-moores-are-missing-james-patterson%2F1125091847%3Fean%3D9781478971634&intsrc=APIG_15890'}, {'name': 'Books-A-Million', 'url': 'https://www.anrdoezrs.net/click-7990613-35140?url=https%3A%2F%2Fwww.booksamillion.com%2Fp%2FTHE%2BMOORES%2BARE%2BMISSING%2FJames%2BPatterson%2Band%2Bothers%2F9781478971634'}, {'name': 'Bookshop.org', 'url': 'https://bookshop.org/a/3546/9781478971634'}]",2017-08-13,2017-07-29,2017-08-13,2017-07-29,"A collection of three novels, each written with a different co-author.",genre_is_not_romance,genre_is_not_romance
339,1126,1,,https://www.amazon.com/dp/0525535764?tag=thenewyorktim-20,,0,Robert Crais,https://static01.nyt.com/bestsellers/images/9780525535799.jpg,500,331,,nyt://book/7096ce23-9007-5a52-948b-d65cf4bb5c8d,by Robert Crais,,2026-03-05T19:52:42.248Z,0,,0,,9780525535799,Putnam,2,0,,THE BIG EMPTY,2026-03-05T19:52:42.248Z,1,"[{'isbn10': '', 'isbn13': '9780525535799'}]","[{'name': 'Amazon', 'url': 'https://www.amazon.com/dp/0525535764?tag=thenewyorktim-20'}, {'name': 'Apple Books', 'url': 'https://goto.applebooks.apple/9780525535799?at=10lIEQ'}, {'name': 'Barnes & Noble', 'url': 'https://barnesandnoble.sjv.io/c/197432/1961179/22009?prodsku=9780525535799&u=https%3A%2F%2Fwww.barnesandnoble.com%2Fw%2Fthe-big-empty-robert-crais%2F1145427934%3Fean%3D9780525535799&intsrc=APIG_15890'}, {'name': 'Books-A-Million', 'url': 'https://www.anrdoezrs.net/click-7990613-35140?url=https%3A%2F%2Fwww.booksamillion.com%2Fp%2FTHE%2BBIG%2BEMPTY%2FRobert%2BCrais%2F9780525535799'}, {'name': 'Bookshop.org', 'url': 'https://bookshop.org/a/3546/9780525535799'}]",2025-02-02,2025-01-18,2025-02-02,2025-01-18,The 20th book in the Elvis Cole and Joe Pike series. An influencer hires Cole to investigate the disappearance of her father 10 years ago.,genre_is_not_romance,genre_is_not_romance
1043,4421,11,,https://www.amazon.com/dp/0593133846?tag=thenewyorktim-20,,0,Fannie Flagg,https://static01.nyt.com/bestsellers/images/9780593133842.jpg,500,329,,nyt://book/cae4abb7-3374-5e16-8223-19204bd4a9e4,by Fannie Flagg,,2026-03-06T09:16:29.421Z,0,,0,,9780593133842,Random House,12,6,,THE WONDER BOY OF WHISTLE STOP,2026-03-06T09:16:29.421Z,2,"[{'isbn10': '', 'isbn13': '9780593133842'}]","[{'name': 'Amazon', 'url': 'https://www.amazon.com/dp/0593133846?tag=thenewyorktim-20'}, {'name': 'Apple Books', 'url': 'https://goto.applebooks.apple/9780593133842?at=10lIEQ'}, {'name': 'Barnes & Noble', 'url': 'https://barnesandnoble.sjv.io/c/197432/1961179/22009?prodsku=9780593133842&u=https%3A%2F%2Fwww.barnesandnoble.com%2Fw%2Fthe-wonder-boy-of-whistle-stop-fannie-flagg%2F1136335130%3Fean%3D9780593133842&intsrc=APIG_15890'}, {'name': 'Books-A-Million', 'url': 'https://www.anrdoezrs.net/click-7990613-35140?url=https%3A%2F%2Fwww.booksamillion.com%2Fp%2FTHE%2BWONDER%2BBOY%2BOF%2BWHISTLE%2BSTOP%2FFannie%2BFlagg%2F9780593133842'}, {'name': 'Bookshop.org', 'url': 'https://bookshop.org/a/3546/9780593133842'}]",2020-11-22,2020-11-07,2020-11-22,2020-11-07,Bud Threadgoode returns to his hometown and sets off some life-changing events.,genre_is_not_romance,genre_is_not_romance
2129,8158,3,,http://www.amazon.com/Bounty-Colorado-Mountain-Series-Book-ebook/dp/B01B53SJD0?tag=thenewyorktim-20,,0,Kristen Ashley,https://static01.nyt.com/bestsellers/images/9781310258299.jpg,495,317,,nyt://book/95cc3e25-ffce-52bd-8e7e-0ad07af419a4,by Kristen Ashley,,2026-03-18T00:09:12.5Z,0,,0,,9781310258299,Kristen Ashley,4,0,,BOUNTY,2026-03-18T00:09:12.5Z,1,"[{'isbn10': '', 'isbn13': '9781310258299'}]","[{'name': 'Amazon', 'url': 'http://www.amazon.com/Bounty-Colorado-Mountain-Series-Book-ebook/dp/B01B53SJD0?tag=thenewyorktim-20'}, {'name': 'Apple Books', 'url': 'https://goto.applebooks.apple/9781310258299?at=10lIEQ'}, {'name': 'Barnes and Noble', 'url': 'https://www.barnesandnoble.com/w/?ean=9781310258299'}, {'name': 'Books-A-Million', 'url': 'https://www.anrdoezrs.net/click-7990613-35140?url=https%3A%2F%2Fwww.booksamillion.com%2Fp%2FBOUNTY%2FKristen%2BAshley%2F9781310258299'}, {'name': 'Bookshop.org', 'url': 'https://bookshop.org/a/3546/9781310258299'}]",2016-05-08,2016-04-23,2016-05-08,2016-04-23,"A grieving woman heads to Colorado, where a biker fatuously attempts to resist her.",genre_is_romance,genre_is_romance
96,279,9,,https://www.amazon.com/dp/B0FD9JZHDD?tag=thenewyorktim-20,,0,Steve Berry,https://static01.nyt.com/bestsellers/images/9781538770634.jpg,500,332,,nyt://book/3fe67761-76a5-5129-bff1-c99affcb1f1b,by Steve Berry,,2026-02-25T23:37:58.777Z,0,,0,,9781538770634,Grand Central,10,0,,THE DEVIL'S BIBLE,2026-02-25T23:37:58.777Z,1,"[{'isbn10': '', 'isbn13': '9781538770634'}]","[{'name': 'Amazon', 'url': 'https://www.amazon.com/dp/B0FD9JZHDD?tag=thenewyorktim-20'}, {'name': 'Apple Books', 'url': 'https://goto.applebooks.apple/9781538770634?at=10lIEQ'}, {'name': 'Barnes & Noble', 'url': 'https://barnesandnoble.sjv.io/c/197432/1961179/22009?prodsku=9781538770634&u=https%3A%2F%2Fwww.barnesandnoble.com%2Fw%2Fthe-devils-bible-steve-berry%2F1147516390%3Fean%3D9781538770634&intsrc=APIG_15890'}, {'name': 'Books-A-Million', 'url': ""https://www.anrdoezrs.net/click-7990613-35140?url=https%3A%2F%2Fwww.booksamillion.com%2Fsearch%3Fquery%3DTHE%2520DEVIL'S%2520BIBLE%2520by%2520Steve%2520Berry""}, {'name': 'Bookshop.org', 'url': 'https://bookshop.org/a/3546/9781538770634'}]",2026-03-08,2026-02-21,2026-03-08,2026-02-21,The 20th book in the Cotton Malone series. An 800-year-old book is at the center of a complicated international situation.,genre_is_not_romance,genre_is_not_romance
1703,6757,7,,https://www.amazon.com/Someone-Westcott-Novel-Mary-Balogh-ebook/dp/B06VTV29NX?tag=thenewyorktim-20,,0,Mary Balogh,https://static01.nyt.com/bestsellers/images/9780399586071.jpg,495,306,,nyt://book/fc508ee0-ff5d-5fa2-9c87-ccdc71d3b7b0,by Mary Balogh,,2026-03-06T16:05:28.731Z,0,,0,,9780399586071,Berkley,8,0,,SOMEONE TO WED,2026-03-06T16:05:28.731Z,1,"[{'isbn10': '', 'isbn13': '9780399586071'}]","[{'name': 'Amazon', 'url': 'https://www.amazon.com/Someone-Westcott-Novel-Mary-Balogh-ebook/dp/B06VTV29NX?tag=thenewyorktim-20'}, {'name': 'Apple Books', 'url': 'https://goto.applebooks.apple/9780399586071?at=10lIEQ'}, {'name': 'Barnes & Noble', 'url': 'https://barnesandnoble.sjv.io/c/197432/1961179/22009?prodsku=9780399586071&u=https%3A%2F%2Fwww.barnesandnoble.com%2Fw%2Fsomeone-to-wed-mary-balogh%2F1125762011%3Fean%3D9780399586071&intsrc=APIG_15890'}, {'name': 'Books-A-Million', 'url': 'https://www.anrdoezrs.net/click-7990613-35140?url=https%3A%2F%2Fwww.booksamillion.com%2Fp%2FSOMEONE%2BTO%2BWED%2FMary%2BBalogh%2F9780399586071'}, {'name': 'Bookshop.org', 'url': 'https://bookshop.org/a/3546/9780399586071'}]",2017-11-26,2017-11-11,2017-11-26,2017-11-11,A relationship develops between the new Earl of Riverdale and a wealthy recluse.,genre_is_romance,genre_is_romance
1363,5609,14,,https://www.amazon.com/Nothing-Hide-Lucy-Kincaid-Novels-ebook/dp/B07J4RKVSC?tag=thenewyorktim-20,,0,Allison Brennan,https://static01.nyt.com/bestsellers/images/9781250297648.jpg,495,272,,nyt://book/93318e07-cfba-572a-bdad-331297d8d4db,by Allison Brennan,,2026-03-06T10:22:40.842Z,0,,0,,9781250297648,Minotaur,15,0,,NOTHING TO HIDE,2026-03-06T10:22:40.842Z,1,"[{'isbn10': '', 'isbn13': '9781250297648'}]","[{'name': 'Amazon', 'url': 'https://www.amazon.com/Nothing-Hide-Lucy-Kincaid-Novels-ebook/dp/B07J4RKVSC?tag=thenewyorktim-20'}, {'name': 'Apple Books', 'url': 'https://goto.applebooks.apple/9781250297648?at=10lIEQ'}, {'name': 'Barnes & Noble', 'url': 'https://barnesandnoble.sjv.io/c/197432/1961179/22009?prodsku=9781250297648&u=https%3A%2F%2Fwww.barnesandnoble.com%2Fw%2Fnothing-to-hide-allison-brennan%2F1129285321%3Fean%3D9781250297648&intsrc=APIG_15890'}, {'name': 'Books-A-Million', 'url': 'https://www.anrdoezrs.net/click-7990613-35140?url=https%3A%2F%2Fwww.booksamillion.com%2Fp%2FNOTHING%2BTO%2BHIDE%2FAllison%2BBrennan%2F9781250297648'}, {'name': 'Bookshop.org', 'url': 'https://bookshop.org/a/3546/9781250297648'}]",2019-05-19,2019-05-04,2019-05-19,2019-05-04,The 15th book in the Lucy Kincaid series. An F.B.I. agent uncovers lies when she tracks a killer of married men.,genre_is_not_romance,genre_is_not_romance
1335,5524,4,,https://www.amazon.com/Fall-Dodge-Hell-Neal-Stephenson/dp/006245871X?tag=thenewyorktim-20,,0,Neal Stephenson,https://static01.nyt.com/bestsellers/images/9780062458735.jpg,499,331,https://www.nytimes.com/2019/06/14/books/review/fall-or-dodge-in-hell-neal-stephenson.html,nyt://book/0a7457bb-b621-5e29-98f1-8c0f612c53d6,by Neal Stephenson,,2026-03-06T10:33:21.735Z,0,,0,,9780062458735,Morrow,5,0,,FALL; OR DODGE IN HELL,2026-03-06T10:33:21.735Z,1,"[{'isbn10': '', 'isbn13': '9780062458735'}]","[{'name': 'Amazon', 'url': 'https://www.amazon.com/Fall-Dodge-Hell-Neal-Stephenson/dp/006245871X?tag=thenewyorktim-20'}, {'name': 'Apple Books', 'url': 'https://goto.applebooks.apple/9780062458735?at=10lIEQ'}, {'name': 'Barnes & Noble', 'url': 'https://barnesandnoble.sjv.io/c/197432/1961179/22009?prodsku=9780062458735&u=https%3A%2F%2Fwww.barnesandnoble.com%2Fw%2Ffall-or-dodge-in-hell-neal-stephenson%2F1129745518%3Fean%3D9780062458735&intsrc=APIG_15890'}, {'name': 'Books-A-Million', 'url': 'https://www.anrdoezrs.net/click-7990613-35140?url=https%3A%2F%2Fwww.booksamillion.com%2Fp%2FFALL%253B%2BOR%2BDODGE%2BIN%2BHELL%2FNeal%2BStephenson%2F9780062458735'}, {'name': 'Bookshop.org', 'url': 'https://bookshop.org/a/3546/9780062458735'}]",2019-06-23,2019-06-08,2019-06-23,2019-06-08,A dead multibillionaire’s brain is scanned and turned back on at a time when humans live as digital souls.,genre_is_not_romance,genre_is_not_romance
725,3023,8,,https://www.amazon.com/dp/1538752018?tag=thenewyorktim-20,,0,Sandra Brown,https://static01.nyt.com/bestsellers/images/9781538752005.jpg,500,331,,nyt://book/bf8cb6d9-f3f3-52b8-a946-a9ba9945921d,by Sandra Brown,,2026-03-06T05:28:05.903Z,0,,0,,9781538752005,Grand Central,9,0,,OVERKILL,2026-03-06T05:28:05.903Z,1,"[{'isbn10': '', 'isbn13': '9781538752005'}]","[{'name': 'Amazon', 'url': 'https://www.amazon.com/dp/1538752018?tag=thenewyorktim-20'}, {'name': 'Apple Books', 'url': 'https://goto.applebooks.apple/9781538752005?at=10lIEQ'}, {'name': 'Barnes & Noble', 'url': 'https://barnesandnoble.sjv.io/c/197432/1961179/22009?prodsku=9781538752005&u=https%3A%2F%2Fwww.barnesandnoble.com%2Fw%2Foverkill-sandra-brown%2F1141117662%3Fean%3D9781538752005&intsrc=APIG_15890'}, {'name': 'Books-A-Million', 'url': 'https://www.anrdoezrs.net/click-7990613-35140?url=https%3A%2F%2Fwww.booksamillion.com%2Fp%2FOVERKILL%2FSandra%2BBrown%2F9781538752005'}, {'name': 'Bookshop.org', 'url': 'https://bookshop.org/a/3546/9781538752005'}]",2022-09-04,2022-08-20,2022-09-04,2022-08-20,"A former football star falls for a state prosecutor at the same time he must decide whether to kill his ex-wife, who is on life support, to ensnare her attacker.",genre_is_not_romance,genre_is_not_romance
1604,6388,13,,http://www.amazon.com/Worth-Dying-For-Reacher-Novel/dp/0440246296?tag=thenewyorktim-20,,0,Lee Child,https://static01.nyt.com/bestsellers/images/9780440339342.jpg,495,278,,nyt://book/6a303ed2-535a-5b33-8a24-f2cd347513d7,by Lee Child,,2026-03-06T12:21:21.448Z,0,,0,,9780440339342,Delacorte,14,0,,WORTH DYING FOR,2026-03-06T12:21:21.448Z,1,"[{'isbn10': '', 'isbn13': '9780440339342'}]","[{'name': 'Amazon', 'url': 'http://www.amazon.com/Worth-Dying-For-Reacher-Novel/dp/0440246296?tag=thenewyorktim-20'}, {'name': 'Apple Books', 'url': 'https://goto.applebooks.apple/9780440339342?at=10lIEQ'}, {'name': 'Barnes & Noble', 'url': 'https://barnesandnoble.sjv.io/c/197432/1961179/22009?prodsku=9780440339342&u=https%3A%2F%2Fwww.barnesandnoble.com%2Fw%2Fworth-dying-for-lee-child%2F1100091933%3Fean%3D9780440339342&intsrc=APIG_15890'}, {'name': 'Books-A-Million', 'url': 'https://www.anrdoezrs.net/click-7990613-35140?url=https%3A%2F%2Fwww.booksamillion.com%2Fp%2FWORTH%2BDYING%2BFOR%2FLee%2BChild%2F9780440339342'}, {'name': 'Bookshop.org', 'url': 'https://bookshop.org/a/3546/9780440339342'}]",2018-05-20,2018-05-05,2018-05-20,2018-05-05,"In the corn country of Nebraska, Jack Reacher cannot let go of a decades-old case of a missing child.",genre_is_not_romance,genre_is_not_romance
1290,5372,2,,https://www.amazon.com/Contraband-Stone-Barrington-Novel-Book-ebook/dp/B07KNTLYYF?tag=thenewyorktim-20,,0,Stuart Woods,https://static01.nyt.com/bestsellers/images/9780593083154.jpg,495,328,,nyt://book/6713865d-35b4-57cd-b8ad-1a7b7d946d82,by Stuart Woods,,2026-03-06T10:54:04.858Z,0,,0,,9780593083154,Putnam,3,0,,CONTRABAND,2026-03-06T10:54:04.858Z,1,"[{'isbn10': '', 'isbn13': '9780593083154'}]","[{'name': 'Amazon', 'url': 'https://www.amazon.com/Contraband-Stone-Barrington-Novel-Book-ebook/dp/B07KNTLYYF?tag=thenewyorktim-20'}, {'name': 'Apple Books', 'url': 'https://goto.applebooks.apple/9780593083154?at=10lIEQ'}, {'name': 'Barnes & Noble', 'url': 'https://barnesandnoble.sjv.io/c/197432/1961179/22009?prodsku=9780593083154&u=https%3A%2F%2Fwww.barnesandnoble.com%2Fw%2Fcontraband-stuart-woods%2F1130204242%3Fean%3D9780593083154&intsrc=APIG_15890'}, {'name': 'Books-A-Million', 'url': 'https://www.anrdoezrs.net/click-7990613-35140?url=https%3A%2F%2Fwww.booksamillion.com%2Fp%2FCONTRABAND%2FStuart%2BWoods%2F9780593083154'}, {'name': 'Bookshop.org', 'url': 'https://bookshop.org/a/3546/9780593083154'}]",2019-09-01,2019-08-17,2019-09-01,2019-08-17,The 50th book in the Stone Barrington series. Crimes come into focus in Key West and Manhattan.,genre_is_not_romance,genre_is_not_romance
1424,5798,8,,https://www.amazon.com/Liar-Harriet-Blue-Book-ebook/dp/B07CWQFM6K?tag=thenewyorktim-20,,0,James Patterson and Candice Fox,https://static01.nyt.com/bestsellers/images/9780316418249.jpg,495,320,,nyt://book/ed8628e6-4897-5cc8-ba0b-c0e859f1e01c,by James Patterson and Candice Fox,,2026-03-06T09:55:50.702Z,0,,0,,9780316418249,"Little, Brown",9,11,,LIAR LIAR,2026-03-06T09:55:50.702Z,3,"[{'isbn10': '', 'isbn13': '9780316418249'}]","[{'name': 'Amazon', 'url': 'https://www.amazon.com/Liar-Harriet-Blue-Book-ebook/dp/B07CWQFM6K?tag=thenewyorktim-20'}, {'name': 'Apple Books', 'url': 'https://goto.applebooks.apple/9780316418249?at=10lIEQ'}, {'name': 'Barnes & Noble', 'url': 'https://www.barnesandnoble.com/s/LIAR%20LIAR'}, {'name': 'Books-A-Million', 'url': 'https://www.anrdoezrs.net/click-7990613-35140?url=https%3A%2F%2Fwww.booksamillion.com%2Fp%2FLIAR%2BLIAR%2FJames%2BPatterson%2Band%2BCandice%2BFox%2F9780316418249'}, {'name': 'Bookshop.org', 'url': 'https://bookshop.org/a/3546/9780316418249'}]",2019-02-17,2019-02-02,2019-02-17,2019-02-02,Detective Harriet Blue has become a dangerous fugitive from the law as she pursues the murderer Regan Banks.,genre_is_not_romance,genre_is_not_romance
1481,5997,12,,https://www.amazon.com/Spark-Light-Novel-Jodi-Picoult-ebook/dp/B07B73H2BX?tag=thenewyorktim-20,,0,Jodi Picoult,https://static01.nyt.com/bestsellers/images/9780345544988.jpg,491,330,,nyt://book/859a878e-7c37-518d-9c48-e137ef1730fd,by Jodi Picoult,,2026-03-06T13:23:53.429Z,0,,0,,9780345544988,Ballantine,13,7,,A SPARK OF LIGHT,2026-03-06T13:23:53.429Z,5,"[{'isbn10': '', 'isbn13': '9780345544988'}]","[{'name': 'Amazon', 'url': 'https://www.amazon.com/Spark-Light-Novel-Jodi-Picoult-ebook/dp/B07B73H2BX?tag=thenewyorktim-20'}, {'name': 'Apple Books', 'url': 'https://goto.applebooks.apple/9780345544988?at=10lIEQ'}, {'name': 'Barnes & Noble', 'url': 'https://www.barnesandnoble.com/s/A%20SPARK%20OF%20LIGHT'}, {'name': 'Books-A-Million', 'url': 'https://www.anrdoezrs.net/click-7990613-35140?url=https%3A%2F%2Fwww.booksamillion.com%2Fp%2FA%2BSPARK%2BOF%2BLIGHT%2FJodi%2BPicoult%2F9780345544988'}, {'name': 'Bookshop.org', 'url': 'https://bookshop.org/a/3546/9780345544988'}]",2018-11-18,2018-11-03,2018-11-18,2018-11-03,"The lives of patients, doctors and activists intersect when a gunman holds them all hostage in a woman's health center in Mississippi.",genre_is_not_romance,genre_is_not_romance
1962,7626,11,,https://www.amazon.com/Baxter-Family-Christmas-Karen-Kingsbury/dp/1451687567?tag=thenewyorktim-20,,0,Karen Kingsbury,https://static01.nyt.com/bestsellers/images/9781451687569.jpg,466,330,,nyt://book/4ea5fa0c-8f6a-504f-a7e7-fa4cfd68f81a,by Karen Kingsbury,,2026-03-18T00:21:06.89Z,0,,0,,9781451687569,Howard Books,12,0,,A BAXTER FAMILY CHRISTMAS,2026-03-18T00:21:06.89Z,1,"[{'isbn10': '', 'isbn13': '9781451687569'}]","[{'name': 'Amazon', 'url': 'https://www.amazon.com/Baxter-Family-Christmas-Karen-Kingsbury/dp/1451687567?tag=thenewyorktim-20'}, {'name': 'Apple Books', 'url': 'https://goto.applebooks.apple/9781451687569?at=10lIEQ'}, {'name': 'Barnes and Noble', 'url': 'https://www.barnesandnoble.com/w/?ean=9781451687569'}, {'name': 'Books-A-Million', 'url': 'https://www.anrdoezrs.net/click-7990613-35140?url=https%3A%2F%2Fwww.booksamillion.com%2Fp%2FA%2BBAXTER%2BFAMILY%2BCHRISTMAS%2FKaren%2BKingsbury%2F9781451687569'}, {'name': 'Bookshop.org', 'url': 'https://bookshop.org/a/3546/9781451687569'}]",2016-11-13,2016-10-29,2016-11-13,2016-10-29,"Two families grapple with love, loss and loneliness at the holidays.",genre_is_not_romance,genre_is_not_romance
1793,7061,11,,https://www.amazon.com/Clancy-Point-Contact-Jack-Novel/dp/0735215863?tag=thenewyorktim-20,,0,Mike Maden,https://static01.nyt.com/bestsellers/images/9780735215863.jpg,495,328,,nyt://book/bf506b9f-beb1-5b2f-88e8-638aa6a07ebb,by Mike Maden,,2026-03-06T15:30:26.567Z,0,,0,,9780735215863,Putnam,12,3,,TOM CLANCY: POINT OF CONTACT,2026-03-06T15:30:26.567Z,2,"[{'isbn10': '', 'isbn13': '9780735215863'}]","[{'name': 'Amazon', 'url': 'https://www.amazon.com/Clancy-Point-Contact-Jack-Novel/dp/0735215863?tag=thenewyorktim-20'}, {'name': 'Apple Books', 'url': 'https://goto.applebooks.apple/9780735215863?at=10lIEQ'}, {'name': 'Barnes & Noble', 'url': 'https://www.barnesandnoble.com/s/TOM%20CLANCY%3A%20POINT%20OF%20CONTACT'}, {'name': 'Books-A-Million', 'url': 'https://www.anrdoezrs.net/click-7990613-35140?url=https%3A%2F%2Fwww.booksamillion.com%2Fp%2FTOM%2BCLANCY%253A%2BPOINT%2BOF%2BCONTACT%2FMike%2BMaden%2F9780735215863'}, {'name': 'Bookshop.org', 'url': 'https://bookshop.org/a/3546/9780735215863'}]",2017-07-09,2017-06-24,2017-07-09,2017-06-24,Jack Ryan Jr. helps thwart a global financial crisis. (Tom Clancy died in 2013.),genre_is_not_romance,genre_is_not_romance
232,716,11,,https://www.amazon.com/dp/1464227314?tag=thenewyorktim-20,,0,Freida McFadden,https://storage.googleapis.com/du-prd/books/images/9781464227318.jpg,500,313,,nyt://book/0196d021-e216-5d43-8e46-f2ea5bcde0eb,by Freida McFadden,,2026-02-27T17:11:52.577Z,0,,0,,9781464227318,Poisoned Pen,12,0,,THE TENANT,2026-02-27T17:11:52.577Z,11,"[{'isbn10': '', 'isbn13': '9781464227318'}]","[{'name': 'Amazon', 'url': 'https://www.amazon.com/dp/1464227314?tag=thenewyorktim-20'}, {'name': 'Apple Books', 'url': 'https://goto.applebooks.apple/9781464227318?at=10lIEQ'}, {'name': 'Barnes & Noble', 'url': 'https://barnesandnoble.sjv.io/c/197432/1961179/22009?prodsku=9781464227318&u=https%3A%2F%2Fwww.barnesandnoble.com%2Fw%2Fthe-tenant-freida-mcfadden%2F1146588536%3Fean%3D9781464227318&intsrc=APIG_15890'}, {'name': 'Books-A-Million', 'url': 'https://www.anrdoezrs.net/click-7990613-35140?url=https%3A%2F%2Fwww.booksamillion.com%2Fp%2FTHE%2BTENANT%2FFreida%2BMcFadden%2F9781464227318'}, {'name': 'Bookshop.org', 'url': 'https://bookshop.org/a/3546/9781464227318'}]",2025-08-17,2025-08-02,2025-08-17,2025-08-02,Things take an unsettling turn when a marketing executive loses his job and a woman rents a room in his brownstone.,genre_is_not_romance,genre_is_not_romance
419,1487,2,,https://www.amazon.com/dp/0316569917?tag=thenewyorktim-20,,0,James Patterson and Mike Lupica,https://static01.nyt.com/bestsellers/images/9780316569903.jpg,500,323,,nyt://book/1ad070ba-f773-50e3-aa90-815d5fcb4ef2,by James Patterson and Mike Lupica,,2026-03-05T23:58:29.12Z,0,,0,,9780316569903,"Little, Brown",3,0,,HARD TO KILL,2026-03-05T23:58:29.12Z,1,"[{'isbn10': '', 'isbn13': '9780316569903'}]","[{'name': 'Amazon', 'url': 'https://www.amazon.com/dp/0316569917?tag=thenewyorktim-20'}, {'name': 'Apple Books', 'url': 'https://goto.applebooks.apple/9780316569903?at=10lIEQ'}, {'name': 'Barnes & Noble', 'url': 'https://barnesandnoble.sjv.io/c/197432/1961179/22009?prodsku=9780316569903&u=https%3A%2F%2Fwww.barnesandnoble.com%2Fw%2Fhard-to-kill-james-patterson%2F1146107508%3Fean%3D9780316569903&intsrc=APIG_15890'}, {'name': 'Books-A-Million', 'url': 'https://www.anrdoezrs.net/click-7990613-35140?url=https%3A%2F%2Fwww.booksamillion.com%2Fp%2FHARD%2BTO%2BKILL%2FJames%2BPatterson%2Band%2BMike%2BLupica%2F9780316569903'}, {'name': 'Bookshop.org', 'url': 'https://bookshop.org/a/3546/9780316569903'}]",2024-08-18,2024-08-03,2024-08-18,2024-08-03,The second book in the Jane Smith series. A double triple homicide complicates matters for Smith.,genre_is_not_romance,genre_is_not_romance
1652,6531,6,,https://www.amazon.com/Agent-Place-Gray-Mark-Greaney-ebook/dp/B071HZSHVS?tag=thenewyorktim-20,,0,Mark Greaney,https://static01.nyt.com/bestsellers/images/9780451488923.jpg,495,327,,nyt://book/bfd0bdaa-51ba-59d7-a698-af252232d168,by Mark Greaney,,2026-03-06T11:53:32.17Z,0,,0,,9780451488923,Berkley,7,0,,AGENT IN PLACE,2026-03-06T11:53:32.17Z,1,"[{'isbn10': '', 'isbn13': '9780451488923'}]","[{'name': 'Amazon', 'url': 'https://www.amazon.com/Agent-Place-Gray-Mark-Greaney-ebook/dp/B071HZSHVS?tag=thenewyorktim-20'}, {'name': 'Apple Books', 'url': 'https://goto.applebooks.apple/9780451488923?at=10lIEQ'}, {'name': 'Barnes & Noble', 'url': 'https://barnesandnoble.sjv.io/c/197432/1961179/22009?prodsku=9780451488923&u=https%3A%2F%2Fwww.barnesandnoble.com%2Fw%2Fagent-in-place-mark-greaney%2F1126438098%3Fean%3D9780451488923&intsrc=APIG_15890'}, {'name': 'Books-A-Million', 'url': 'https://www.anrdoezrs.net/click-7990613-35140?url=https%3A%2F%2Fwww.booksamillion.com%2Fp%2FAGENT%2BIN%2BPLACE%2FMark%2BGreaney%2F9780451488923'}, {'name': 'Bookshop.org', 'url': 'https://bookshop.org/a/3546/9780451488923'}]",2018-03-11,2018-02-24,2018-03-11,2018-02-24,The seventh book in the Gray Man series. Court Gentry gets the chance to end a brutal dictatorship.,genre_is_not_romance,genre_is_not_romance
998,4229,14,,https://www.amazon.com/dp/1501160834?tag=thenewyorktim-20,,0,Fredrik Backman,https://static01.nyt.com/bestsellers/images/9781501160837.jpg,500,332,,nyt://book/3981eb6a-8937-5dcb-848b-a3904bf779a2,by Fredrik Backman,,2026-03-06T09:36:14.162Z,0,,0,,9781501160837,Atria,15,11,,ANXIOUS PEOPLE,2026-03-06T09:36:14.162Z,22,"[{'isbn10': '', 'isbn13': '9781501160837'}]","[{'name': 'Amazon', 'url': 'https://www.amazon.com/dp/1501160834?tag=thenewyorktim-20'}, {'name': 'Apple Books', 'url': 'https://goto.applebooks.apple/9781501160837?at=10lIEQ'}, {'name': 'Barnes & Noble', 'url': 'https://www.barnesandnoble.com/s/ANXIOUS%20PEOPLE'}, {'name': 'Books-A-Million', 'url': 'https://www.anrdoezrs.net/click-7990613-35140?url=https%3A%2F%2Fwww.booksamillion.com%2Fp%2FANXIOUS%2BPEOPLE%2FFredrik%2BBackman%2F9781501160837'}, {'name': 'Bookshop.org', 'url': 'https://bookshop.org/a/3546/9781501160837'}]",2021-02-21,2021-02-06,2021-02-21,2021-02-06,A failed bank robber holds a group of strangers hostage at an apartment open house.,genre_is_not_romance,genre_is_not_romance
1199,4999,4,,https://www.amazon.com/Museum-Desire-Alex-Delaware-Novel-ebook/dp/B07RL4JBM3?tag=thenewyorktim-20,,0,Jonathan Kellerman,https://static01.nyt.com/bestsellers/images/9780525618539.jpg,495,326,,nyt://book/32bce0b8-9f5d-5637-ad5b-d7b4f4609be6,by Jonathan Kellerman,,2026-03-06T07:40:47.71Z,0,,0,,9780525618539,Ballantine,5,0,,THE MUSEUM OF DESIRE,2026-03-06T07:40:47.71Z,1,"[{'isbn10': '', 'isbn13': '9780525618539'}]","[{'name': 'Amazon', 'url': 'https://www.amazon.com/Museum-Desire-Alex-Delaware-Novel-ebook/dp/B07RL4JBM3?tag=thenewyorktim-20'}, {'name': 'Apple Books', 'url': 'https://goto.applebooks.apple/9780525618539?at=10lIEQ'}, {'name': 'Barnes & Noble', 'url': 'https://barnesandnoble.sjv.io/c/197432/1961179/22009?prodsku=9780525618539&u=https%3A%2F%2Fwww.barnesandnoble.com%2Fw%2Fthe-museum-of-desire-jonathan-kellerman%2F1133899973%3Fean%3D9780525618539&intsrc=APIG_15890'}, {'name': 'Books-A-Million', 'url': 'https://www.anrdoezrs.net/click-7990613-35140?url=https%3A%2F%2Fwww.booksamillion.com%2Fp%2FTHE%2BMUSEUM%2BOF%2BDESIRE%2FJonathan%2BKellerman%2F9780525618539'}, {'name': 'Bookshop.org', 'url': 'https://bookshop.org/a/3546/9780525618539'}]",2020-02-23,2020-02-08,2020-02-23,2020-02-08,The 35th book in the Alex Delaware series. Four unrelated victims are found slaughtered in a limousine.,genre_is_not_romance,genre_is_not_romance
584,2277,12,,https://www.amazon.com/dp/1982182199?tag=thenewyorktim-20,,0,Brad Thor,https://static01.nyt.com/bestsellers/images/9781982182199.jpg,500,327,,nyt://book/1ad7885c-f581-505e-885b-5772361c729e,by Brad Thor,,2026-03-06T04:23:53.434Z,0,,0,,9781982182199,Atria/Emily Bestler,13,2,,DEAD FALL,2026-03-06T04:23:53.434Z,2,"[{'isbn10': '', 'isbn13': '9781982182199'}]","[{'name': 'Amazon', 'url': 'https://www.amazon.com/dp/1982182199?tag=thenewyorktim-20'}, {'name': 'Apple Books', 'url': 'https://goto.applebooks.apple/9781982182199?at=10lIEQ'}, {'name': 'Barnes & Noble', 'url': 'https://www.barnesandnoble.com/s/DEAD%20FALL'}, {'name': 'Books-A-Million', 'url': 'https://www.anrdoezrs.net/click-7990613-35140?url=https%3A%2F%2Fwww.booksamillion.com%2Fp%2FDEAD%2BFALL%2FBrad%2BThor%2F9781982182199'}, {'name': 'Bookshop.org', 'url': 'https://bookshop.org/a/3546/9781982182199'}]",2023-08-20,2023-08-05,2023-08-20,2023-08-05,"The 22nd book in the Scot Harvath series. When American aid workers are killed amid other atrocities in Ukraine, America’s top spy is sent to set things right.",genre_is_not_romance,genre_is_not_romance
1415,5771,11,,https://www.amazon.com/Luck-Devil-Forge-Trilogy-Book-ebook/dp/B07L5W92C7?tag=thenewyorktim-20,,0,Meghan March,https://static01.nyt.com/bestsellers/images/9781943796236.jpg,495,311,,nyt://book/9723e23c-9017-585b-814e-bb37fca2d5f3,by Meghan March,,2026-03-06T09:55:27.915Z,0,,0,,9781943796236,Meghan March,12,0,,LUCK OF THE DEVIL,2026-03-06T09:55:27.915Z,1,"[{'isbn10': '', 'isbn13': '9781943796236'}]","[{'name': 'Amazon', 'url': 'https://www.amazon.com/Luck-Devil-Forge-Trilogy-Book-ebook/dp/B07L5W92C7?tag=thenewyorktim-20'}, {'name': 'Apple Books', 'url': 'https://goto.applebooks.apple/9781943796236?at=10lIEQ'}, {'name': 'Barnes & Noble', 'url': 'https://www.barnesandnoble.com/s/LUCK%20OF%20THE%20DEVIL'}, {'name': 'Books-A-Million', 'url': 'https://www.anrdoezrs.net/click-7990613-35140?url=https%3A%2F%2Fwww.booksamillion.com%2Fp%2FLUCK%2BOF%2BTHE%2BDEVIL%2FMeghan%2BMarch%2F9781943796236'}, {'name': 'Bookshop.org', 'url': 'https://bookshop.org/a/3546/9781943796236'}]",2019-03-03,2019-02-16,2019-03-03,2019-02-16,The second book in the Forge trilogy. An attraction to a billionaire becomes a big gamble.,genre_is_romance,genre_is_romance
1728,6838,13,,https://www.amazon.com/Haunted-Michael-Bennett-James-Patterson-ebook/dp/B01N4JZ9YR?tag=thenewyorktim-20,,0,James Patterson and James O. Born,https://static01.nyt.com/bestsellers/images/9780316273978.jpg,494,330,,nyt://book/f7832e1b-ef45-5fb5-bdd4-ead87a0028ba,by James Patterson and James O. Born,,2026-03-06T16:01:11.625Z,0,,0,,9780316273978,"Little, Brown",14,9,,HAUNTED,2026-03-06T16:01:11.625Z,3,"[{'isbn10': '', 'isbn13': '9780316273978'}]","[{'name': 'Amazon', 'url': 'https://www.amazon.com/Haunted-Michael-Bennett-James-Patterson-ebook/dp/B01N4JZ9YR?tag=thenewyorktim-20'}, {'name': 'Apple Books', 'url': 'https://goto.applebooks.apple/9780316273978?at=10lIEQ'}, {'name': 'Barnes & Noble', 'url': 'https://www.barnesandnoble.com/s/HAUNTED'}, {'name': 'Books-A-Million', 'url': 'https://www.anrdoezrs.net/click-7990613-35140?url=https%3A%2F%2Fwww.booksamillion.com%2Fp%2FHAUNTED%2FJames%2BPatterson%2Band%2BJames%2BO%2BBorn%2F9780316273978'}, {'name': 'Bookshop.org', 'url': 'https://bookshop.org/a/3546/9780316273978'}]",2017-10-22,2017-10-07,2017-10-22,2017-10-07,A New York detective on vacation in Maine is enlisted to help solve a crime in the woods.,genre_is_not_romance,genre_is_not_romance
26,69,9,,https://www.amazon.com/dp/0593833376?tag=thenewyorktim-20,,0,Matt Haig,https://static01.nyt.com/bestsellers/images/9780593833377.jpg,500,331,https://www.nytimes.com/2026/05/26/books/review/the-midnight-train-matt-haig.html,nyt://book/9dc63e29-f045-5a3f-bc0b-d6d22ba19159,by Matt Haig,,2026-06-03T18:22:01.356Z,0,,0,,9780593833377,Viking,10,0,,THE MIDNIGHT TRAIN,2026-06-03T18:22:01.356Z,1,"[{'isbn10': '', 'isbn13': '9780593833377'}]","[{'name': 'Amazon', 'url': 'https://www.amazon.com/dp/0593833376?tag=thenewyorktim-20'}, {'name': 'Apple Books', 'url': 'https://goto.applebooks.apple/9780593833377?at=10lIEQ'}, {'name': 'Barnes & Noble', 'url': 'https://barnesandnoble.sjv.io/c/197432/1961179/22009?prodsku=9780593833377&u=https%3A%2F%2Fwww.barnesandnoble.com%2Fw%2Fthe-midnight-train-matt-haig%2F1148503880%3Fean%3D9780593833377&intsrc=APIG_15890'}, {'name': 'Books-A-Million', 'url': 'https://www.anrdoezrs.net/click-7990613-35140?url=https%3A%2F%2Fwww.booksamillion.com%2Fp%2FMidnight-Train%2FMatt-Haig%2F9780593833377'}, {'name': 'Bookshop.org', 'url': 'https://bookshop.org/a/3546/9780593833377'}]",2026-06-14,2026-05-30,2026-06-14,2026-05-30,The second book in the Midnight World series. Wilbur wants to go back in time to see how he might have lived differently.,genre_is_not_romance,genre_is_not_romance